Mät; 1015961; -1;
VVS; 532054; -1;
Personligt vern; 1085006; -1;
Trädgård; 529092; -1;
Tryckluft; 1015514; -1;
Kök och rengöring; 527150; -1;
Lås och beslag; 516523; -1;
Hållande och spännverktyg; 1015773; -1;
Skärande verktyg; 1016309; -1;
Elartiklar; 1016438; -1;
Bil; 1086276; -1;
Momentverktyg; 1015400; -1;
Maskiner; 1015686; -1;
Svets; 1016529; -1;
Mjukvaror; 1016429; -1;
Fil, slip och borst; 1016169; -1;
Kemiska produkter; 1014838; -1;
Handverktyg; 1015344; -1;
Lödning; 1016080; -1;
Byggförnödenheter; 522921; -1;
El och belysning; 507598; -1;
Bygg; 1016349; -1;
Verkstadsmät; 1093979; 1015961;
Vägning; 1015899; 1015961;
Klimat & Miljö; 1015960; 1015961;
Övrig mätutrustning; 1015813; 1015961;
Refraktometer; 1093998; 1093979;
Höjdritsmått - Tillbehör; 1015886; 1015899;
Stållinjaler; 1015853; 1015899;
Profilmall; 1015828; 1015899;
Djupmått; 1015842; 1015899;
Styckräknare; 1015866; 1015899;
Indikatorklockor; 1015847; 1015899;
Kombinationsvinklar; 1015862; 1015899;
Inspektionskameror; 1015834; 1015899;
Vippindikatorer; 1015848; 1015899;
Hängvågar; 1015836; 1015899;
Skjutmått; 1015841; 1015899;
Mikrometrar; 1015845; 1015899;
Tolkstål; 1015829; 1015899;
Flatvinklar; 1015857; 1015899;
Fotvinklar; 1015858; 1015899;
Mekaniska längdmätare - Tillbehör; 1015889; 1015899;
Lägesvisare; 1015876; 1015899;
Hållare för indikatorklockor; 1015895; 1015899;
Fästen för Limit; 1015872; 1015899;
Mobilvågar; 1015874; 1015899;
Gängmätare; 1015825; 1015899;
Slipmall; 1015820; 1015899;
Svetsfogmall; 1015821; 1015899;
Smygvinklar; 1015856; 1015899;
Fjädervågar; 1015835; 1015899;
Gradskivor; 1015861; 1015899;
Egglinjaler; 1015854; 1015899;
Viktsats; 1015871; 1015899;
Mätspetsar; 1015882; 1015899;
Förstoringsglas - Tillbehör; 1015890; 1015899;
Hålindikatorer - Tillbehör; 1015898; 1015899;
Linjaler; 1015888; 1015899;
Luppar; 1015832; 1015899;
Pallvågar; 1015865; 1015899;
Mikrometrar - Tillbehör; 1033498; 1015899;
Räknevågar; 1015864; 1015899;
Svetsmått; 1015822; 1015899;
Bladmått - satser; 1015873; 1015899;
Kranvågar; 1015837; 1015899;
Stålskalor; 1015851; 1015899;
Personvågar; 1015839; 1015899;
Mekaniska längdmätare; 1015868; 1015899;
Vinkelmätare - satser; 1015850; 1015899;
Lägesvisare - Tillbehör; 1015883; 1015899;
Skränktolk; 1015877; 1015899;
Teleskopstickmått; 1015814; 1015899;
Kranvågar - Tillbehör; 1015892; 1015899;
Centrumvinkel; 1015818; 1015899;
Eggvinklar; 1015860; 1015899;
Ytlikare; 1015875; 1015899;
Elektroniska impulsräkneverk; 1015840; 1015899;
Ritsmall; 1015824; 1015899;
Höjdmått; 1015844; 1015899;
Indikatorstativ; 1015849; 1015899;
Paketvågar; 1015863; 1015899;
Inställningsringar; 1015881; 1015899;
Kontrollvikter; 1015838; 1015899;
Indikatorklockor - Tillbehör; 1015894; 1015899;
Tjockleksmätare; 1015846; 1015899;
Mekaniska slagräknare; 1015867; 1015899;
V-block; 1015855; 1015899;
Mikrometerhållare; 1015878; 1015899;
Mikroskop; 1015833; 1015899;
Monitorer - Tillbehör; 1015891; 1015899;
Gängmallar; 1015823; 1015899;
Radiemätare; 1015826; 1015899;
Passbitsats; 1015870; 1015899;
Inspektionskameror - Tillbehör; 1015893; 1015899;
Hålmått; 1015827; 1015899;
Monitorer; 1015880; 1015899;
Hängvågar - Tillbehör; 1015887; 1015899;
Vippindikatorer - Tillbehör; 1015897; 1015899;
Paketvågar - Tillbehör; 1015884; 1015899;
Verkstadsmåttstockar; 1015852; 1015899;
Anslagsvinklar; 1015859; 1015899;
Tolkstålshållare; 1015830; 1015899;
Hålindikatorer; 1015816; 1015899;
Planskivor; 1015869; 1015899;
Skjutmått - Tillbehör; 1015885; 1015899;
Mönsterdjupmått; 1015843; 1015899;
Golvvågar; 1015879; 1015899;
Förstoringsglas; 1015831; 1015899;
Maskinvattenpass; 1015819; 1015899;
Indikatorstativ - Tillbehör; 1015896; 1015899;
Justerbara vinklar; 1015817; 1015899;
Regelsökare - Tillbehör; 1015953; 1015960;
Värmemultimeter; 1015931; 1015960;
Multimetrar; 1015913; 1015960;
Godstjockleksmätare; 1015903; 1015960;
Processinstrument; 1015934; 1015960;
Ljusmätare; 1015923; 1015960;
Ljudnivåmätare; 1015922; 1015960;
pH-mätare; 1015900; 1015960;
Hårdhetsprovare; 1015906; 1015960;
Säkringstabell; 1015939; 1015960;
Radiohandtag; 1015929; 1015960;
Optisk varvtalsmätare; 1015927; 1015960;
Isolationsprovare - Tillbehör; 1015948; 1015960;
Förvaringsväska; 1015937; 1015960;
Magnetfältsindikatorer; 1015910; 1015960;
Varvtalsmätare - Tillbehör; 1015959; 1015960;
Temperaturmätare; 1015916; 1015960;
Förlängningskabelset; 1015945; 1015960;
Varvtalsmätare; 1015907; 1015960;
Testkablar; 1015942; 1015960;
pH-mätare - Tillbehör; 1015949; 1015960;
Luftfuktighetsmätare - Tillbehör; 1015955; 1015960;
IR-termometrar; 1015917; 1015960;
Ytjämnhetsmätare; 1015905; 1015960;
Regelsökare; 1015925; 1015960;
Luftfuktighetsmätare; 1015919; 1015960;
Isolationsprovare; 1015901; 1015960;
Ventilationsset; 1015938; 1015960;
Godstjockleksmätare - Tillbehör; 1015957; 1015960;
Testkablar - Tillbehör; 1015958; 1015960;
Ytskiktsmätare - Tillbehör; 1015947; 1015960;
Lufttrycksmätare; 1015926; 1015960;
Spänningsdetektorer; 1015909; 1015960;
Scopemeter - Tillbehör; 1015946; 1015960;
Materialfuktsmätare - Tillbehör; 1015956; 1015960;
Ytskiktsmätare; 1015904; 1015960;
Ljudnivåmätare - Tillbehör; 1015951; 1015960;
Materialfuktsmätare; 1015920; 1015960;
Temperaturmätare - Tillbehör; 1015944; 1015960;
Industrikit; 1015940; 1015960;
Multimetrar - Tillbehör; 1015950; 1015960;
Isolationsmultimetrar; 1015914; 1015960;
Loopkalibrator; 1015930; 1015960;
Tångamperemetrar - Tillbehör; 1015952; 1015960;
Radiohandtag - Tillbehör; 1015954; 1015960;
Lufthastighetsmätare; 1015921; 1015960;
Spänningsmoduler; 1015933; 1015960;
Tångamperemetrar; 1015915; 1015960;
IR-kameror; 1015918; 1015960;
Pennmultimetrar; 1015912; 1015960;
Testprobar; 1015941; 1015960;
Stroboskop - Tillbehör; 1015943; 1015960;
Vibrationsmätare; 1015902; 1015960;
Elkvalitetsinstrument; 1015932; 1015960;
Värmekameror; 1015924; 1015960;
Spänningsprovare; 1015911; 1015960;
Processmeter; 1015936; 1015960;
Refraktometer; 1015908; 1015960;
Gjutplattor; 1015800; 1015813;
Lasermottagare; 1015790; 1015813;
Maskinmottagare; 1015781; 1015813;
Avståndsmätare - Tillbehör; 1015805; 1015813;
Vinkelprisma; 1015779; 1015813;
Sänklod; 1015778; 1015813;
Mätstavar; 1015792; 1015813;
Roterande laser - Tillbehör; 1015809; 1015813;
Laserstång - Tillbehör; 1015807; 1015813;
Murarsnöre; 1015795; 1015813;
Avvägningsinstrument - Tillbehör; 1015808; 1015813;
Grusring; 1015804; 1015813;
Maskinmottagare - Tillbehör; 1015811; 1015813;
Lasermottagare - Tillbehör; 1015812; 1015813;
Märksnören - Tillbehör; 1015799; 1015813;
Avvägningsinstrument; 1015797; 1015813;
Roterande laser; 1015788; 1015813;
Rörlaser; 1015782; 1015813;
Korslaser & Linjelaser; 1015786; 1015813;
Linjelaser; 1015801; 1015813;
Vinkelmätare; 1015777; 1015813;
Laserglasögon; 1015780; 1015813;
Nivåstänger; 1015791; 1015813;
Plankmått; 1015776; 1015813;
Laserpaket; 1015798; 1015813;
Slöjdmått; 1015775; 1015813;
Stativ; 1015789; 1015813;
Avståndsmätare; 1015785; 1015813;
Korslaser & Linjelaser - Tillbehör; 1015810; 1015813;
Mäthjul; 1015793; 1015813;
Kabelsökare - Tillbehör; 1015806; 1015813;
Märksnören; 1015783; 1015813;
Kabelsökare; 1015784; 1015813;
Laserstång; 1015803; 1015813;
VVS installationsmaterial; 531257; 532054;
Pumpar; 530299; 532054;
Ventilation; 530159; 532054;
Badrum; 532053; 532054;
Reservdelar och tillbehör VVS; 531256; 531257;
Ventiler; 530608; 531257;
Inomhusavlopp; 530912; 531257;
Plaströrskopplingar; 531107; 531257;
Rör och kopplingar; 530566; 531257;
Golvbrunnar; 531052; 531257;
Tryckpumpar; 530231; 530299;
Tillbehör pumpar; 530298; 530299;
Hydroforpumpar; 530253; 530299;
Dränkbara pumpar; 530223; 530299;
Tallriksventiler; 529570; 530159;
Fönsterventiler; 529397; 530159;
Avfuktare; 529164; 530159;
Ventilationsslangar; 529448; 530159;
Till- och frånluftsdon; 529508; 530159;
Tillbehör ventilation; 529992; 530159;
Galler; 529761; 530159;
Väggventiler; 529362; 530159;
Kanalsystem och rör; 530124; 530159;
Inspektionsluckor; 530152; 530159;
Fläktar för inbyggnad; 529273; 530159;
Blandare; 531488; 532053;
Badrumsmattor och duschdraperier; 531881; 532053;
Badrumsspeglar; 531732; 532053;
Toalettstolar; 531646; 532053;
Tillbehör och reservdelar till blandare; 531600; 532053;
Badrumsskåp och belysning; 531703; 532053;
Badrumstillbehör; 531856; 532053;
Bad och dusch; 531966; 532053;
Skyddsdräkter; 1085018; 1085006;
Tröjor; 1085019; 1085006;
Knäskydd; 1085013; 1085006;
Hörselskydd; 1085011; 1085006;
Byxor; 1085008; 1085006;
Handskar; 1085009; 1085006;
T-shirts; 1085020; 1085006;
Shorts; 1085016; 1085006;
Hudvård; 1085010; 1085006;
Andningsskydd; 1085007; 1085006;
Overaller; 1085015; 1085006;
Skor; 1085017; 1085006;
Mössor; 1085014; 1085006;
Accessoarer; 1085101; 1085006;
Jackor; 1085012; 1085006;
Strumpor; 1085189; 1085006;
Ögonskydd; 1085022; 1085006;
Skyddsvästar; 1085021; 1085006;
Redskap; 528467; 529092;
Flaggor; 529091; 529092;
Beskärning; 528693; 529092;
Bevattning; 527632; 529092;
Postlådor; 527862; 529092;
Övrigt trädgård; 529001; 529092;
Bekämpning; 528910; 529092;
Asfaltsredskap; 528116; 528467;
Spadar; 527920; 528467;
Gångskyfflar och hackor; 528168; 528467;
Krattor; 528097; 528467;
Skaft; 528368; 528467;
Skyfflar; 528003; 528467;
Norge - Redskap Fiskars; 573411; 528467;
Snöredskap; 528462; 528467;
Räfsor; 528053; 528467;
Kombiredskap; 528329; 528467;
Flaggstänger; 529058; 529091;
Flaggor; 529031; 529091;
Tillbehör flaggor och vimplar; 529081; 529091;
Vimplar; 529090; 529091;
Gren- och röjsaxar; 528646; 528693;
Hushållssaxar; 528692; 528693;
Grensågar och knivar; 528579; 528693;
Sekatörer; 528542; 528693;
Tunnor och dunkar; 527623; 527632;
Slangkopplingar; 527435; 527632;
Strålpistoler; 527492; 527632;
Vattenkannor; 527631; 527632;
Bevattningspumpar; 527576; 527632;
Vattenslangar; 527187; 527632;
Vattenspridare; 527550; 527632;
Slangförvaring; 527272; 527632;
Veckopostlådor; 527809; 527862;
Postlådestolpar; 527859; 527862;
Väggpostlådor; 527755; 527862;
Termometrar; 528987; 529001;
Trycksprutor; 528965; 529001;
Plantering; 528926; 529001;
Kompostbehållare; 528969; 529001;
Myrmedel; 528853; 528910;
Issmältningsmedel; 528909; 528910;
Mus- och råttfällor; 528756; 528910;
Insektsmedel; 528828; 528910;
Luftbehandling; 1087535; 1015514;
Tryckluftsslangar; 1015492; 1015514;
Kompressorer; 1015422; 1015514;
Tryckluftsverktyg; 1015450; 1015514;
Pneumatikkomponenter; 1015496; 1015514;
Hydraulik; 1087548; 1015514;
Tryckluftsarmaturer; 1087587; 1015514;
Kopplingar och nipplar; 1015510; 1015514;
Luftbehandling - Tillbehör; 1015411; 1015514;
Tryckluftsmaskiner; 1015483; 1015514;
Bläster; 1087533; 1015514;
Balansblock; 1015454; 1015514;
Filterregulatorer; 1015407; 1087535;
Dräneringsventil; 1015401; 1087535;
Regulatorer; 1015406; 1087535;
F-R-L-enheter; 1015409; 1087535;
Luftfilter; 1015405; 1087535;
Dimsmörjare; 1015408; 1087535;
Spriralslang omonterad - Tillbehör; 1015488; 1015492;
Spiralslang monterad; 1015486; 1015492;
Spiralslang omonterad; 1015489; 1015492;
Slangupprullare - tillbehör; 1015487; 1015492;
Slangupprullare; 1015485; 1015492;
Rak slang omonterad; 1015491; 1015492;
Rak slang monterad; 1015490; 1015492;
Kyltorkar; 1015416; 1015422;
Skruvkompressorer - Tillbehör; 1015421; 1015422;
Tankar; 1015417; 1015422;
Kolvkompressorer - Tillbehör; 1015420; 1015422;
Skruvkompressorer; 1015419; 1015422;
Kolvkompressorer; 1015418; 1015422;
Sprutpistoler; 1015434; 1015450;
Renblåsningspistoler - Tillbehör; 1015436; 1015450;
Nippel set; 1015424; 1015450;
Färgsprutor - Tillbehör; 1015446; 1015450;
Kittsprutor; 1015426; 1015450;
Mutterdragare - Tillbehör; 1015448; 1015450;
Mutterdragare; 1015429; 1015450;
Luftpåfyllare; 1015431; 1015450;
Luftpåfyllare - Tillbehör; 1015435; 1015450;
Tryckluftshammare; 1015430; 1015450;
Renblåsningspistoler; 1015433; 1015450;
Fettsprutor; 1015473; 1015450;
Smörjsprutor - Tillbehör; 1015482; 1015450;
Smörjsprutor; 1015456; 1015450;
Färgsprutor; 1015428; 1015450;
Tryckluftshammare - Tillbehör; 1015444; 1015450;
Ringtrycksprovare; 1015451; 1015450;
Gravyrpennor; 1015425; 1015450;
Verktygssats; 1090337; 1015450;
Gravyrpennor - Tillbehör; 1015447; 1015450;
Fotpumpar; 1015423; 1015450;
Pluggar; 1015507; 1015496;
Skarv - Tillbehör; 1015495; 1015496;
Skottgenomgång; 1015505; 1015496;
T-skarvar; 1015503; 1015496;
Instickskopplingar; 1087582; 1015496;
Ventiler; 1015500; 1015496;
Kopplingar; 1087583; 1015496;
Nipplar; 1087584; 1015496;
Nipplar; 1087581; 1087548;
Kopplingar; 1087549; 1087548;
Y-rör; 1015502; 1087587;
Kulventiler; 1015413; 1087587;
Vinkelrör; 1015501; 1087587;
Säkerhetsventiler; 1015404; 1087587;
Manometer; 1015412; 1087587;
T-rör; 1015504; 1087587;
Anslutningar, bussningar; 1015506; 1015510;
Nipplar; 1015498; 1015510;
Kopplingar; 1015499; 1015510;
Rekylfria kopplingar; 1015494; 1015510;
Svivel; 1015403; 1015510;
Spikpistoler; 1015471; 1015483;
Häftklammer och spik; 1015470; 1015483;
Vinkelmutterdragare; 1015438; 1015483;
Kraftavbitare; 1087590; 1015483;
Turbinslipmaskin; 1015472; 1015483;
Vinkelslipmaskiner - Tillbehör; 1015445; 1015483;
Vinkelslipmaskiner; 1015440; 1015483;
Skruvdragare; 1015468; 1015483;
Spikpistoler - Tillbehör; 1015477; 1015483;
Filmaskiner - Tillbehör; 1015474; 1015483;
Hål- och falstång; 1015463; 1015483;
Fiberrondellslipmaskiner; 1015441; 1015483;
Plåtsågar; 1015462; 1015483;
Borrmaskiner - Tillbehör; 1015475; 1015483;
Plåtsågar - Tillbehör; 1015480; 1015483;
Filmaskiner; 1015460; 1015483;
Fiberrondellslipmaskiner - Tillbehör; 1015449; 1015483;
Pinnbultsdragare; 1015469; 1015483;
Handnibblingsmaskiner - Tillbehör; 1015479; 1015483;
Kraftavbitare - Tillbehör; 1015478; 1015483;
Bandslipmaskiner; 1015439; 1015483;
Pinnbultsdragare - Tillbehör; 1015481; 1015483;
Renshammare - Tillbehör; 1015476; 1015483;
Slipmaskiner - Tillbehör; 1015443; 1015483;
Renshammare; 1015459; 1015483;
Borrmaskiner; 1015467; 1015483;
Blästermedel; 1015415; 1087533;
Blästerpistoler; 1015427; 1087533;
Bläster; 1015414; 1087533;
Blästerkabiner; 1015452; 1087533;
Bläster - Tillbehör; 1015455; 1087533;
Blästerpistoler - Tillbehör; 1015442; 1087533;
Blästerkabiner - Tillbehör; 1015453; 1087533;
Torkdukar; 1085190; 527150;
Livsmedel; 526564; 527150;
Högtryckstvättar; 523809; 527150;
Husgeråd; 526696; 527150;
Rengöringsmedel; 525262; 527150;
Avfallskärl och sopsäckar; 526209; 527150;
Engångsmaterial; 526273; 527150;
Städredskap; 525982; 527150;
Kontor; 527149; 527150;
Hushållsapparater; 526369; 527150;
Torkpapper; 523421; 527150;
Städmaskiner; 524443; 527150;
Kaffe; 526485; 526564;
Tillbehör livsmedel; 526563; 526564;
Tillbehör högtryckstvättar; 523808; 523809;
Köksredskap; 526644; 526696;
Termosar; 526695; 526696;
Golvvårdsmedel; 525022; 525262;
Tvättmedel; 525261; 525262;
Fordonsmedel; 524711; 525262;
Verkstadsmedel; 524578; 525262;
Allrengöringsmedel; 524896; 525262;
Diskmedel; 525210; 525262;
Sanitetsmedel; 525107; 525262;
Glasputsmedel; 525141; 525262;
Insatspåsar; 526010; 526209;
Sopkorgar; 526142; 526209;
Sopsäckar plast; 526098; 526209;
Sopsäckar papper; 526022; 526209;
Soptunnor; 526195; 526209;
Askkoppar; 526208; 526209;
Spillpall; 1086835; 526209;
Tallrikar; 526272; 526273;
Bägare och glas; 526261; 526273;
Bestick; 526222; 526273;
Städmaterial; 525981; 525982;
Golvborstar; 525321; 525982;
Svampar och dukar; 525900; 525982;
Entréavtorkning; 525283; 525982;
Fordonsborstar; 525549; 525982;
Städmoppar; 525730; 525982;
Livsmedels- och hygienborstar; 525477; 525982;
Städvagnar och hinkar; 525940; 525982;
Golv- och fönsterskrapor; 525608; 525982;
Skaft städredskap; 525779; 525982;
Handborstar; 525363; 525982;
Skurborstar; 525330; 525982;
Påsar; 526985; 527149;
Kontorsförvaring; 526803; 527149;
Skrivbordsartiklar; 527093; 527149;
Pennor; 526929; 527149;
Papper; 526886; 527149;
Miniräknare; 526813; 527149;
Post och emballage; 526967; 527149;
Vattenkokare; 526325; 526369;
Övriga hushållsapparater; 526368; 526369;
Mikrovågsugnar; 526320; 526369;
Kaffebryggare; 526313; 526369;
Tvål- och doftsystem; 523420; 523421;
Industripapper; 523243; 523421;
Hygienpapper; 523099; 523421;
Dispensrar; 523338; 523421;
Tillbehör städmaskiner; 524442; 524443;
Dörrar och fönster; 512456; 516523;
Tillbehör kätting, wire, rep & linor; 1099608; 516523;
Köks- och fastighetsbeslag; 514520; 516523;
Absorberingsgranulater; 1085005; 516523;
Absorberingsdukar; 1085004; 516523;
Hänglås; 516202; 516523;
Rep och linor; 516522; 516523;
Kätting och wire; 1047845; 516523;
Badrumsbeslag; 515389; 516523;
Toalettbehör; 508590; 512456;
Skjutdörrsbeslag; 511164; 512456;
Skåplås; 509297; 512456;
Spanjoletter; 511794; 512456;
Fönsterhandtag; 512091; 512456;
Ytterdörrhandtag; 508490; 512456;
Dörrbeslag; 508910; 512456;
Öppningsbehör; 511033; 512456;
Övriga lås; 509460; 512456;
Kodlås; 510066; 512456;
Dörrstängare; 510574; 512456;
Brytskydd; 510711; 512456;
Låssatser, kompletta; 509228; 512456;
Elslutbleck; 510026; 512456;
Låstillbehör; 510202; 512456;
Tillbehör dörrhandtag; 508761; 512456;
Slutbleck; 509917; 512456;
Hakregellås; 508978; 512456;
Låshus; 509160; 512456;
Smalprofillås; 509269; 512456;
Fönsterbeslag; 512455; 512456;
Dörrsignaler; 511118; 512456;
Låscylindrar; 509556; 512456;
Cylinderbehör; 509817; 512456;
Nyckelskyltar; 508716; 512456;
Utrymning; 510999; 512456;
Låsreglar; 510817; 512456;
Gångjärn; 511702; 512456;
Nyckelskåp; 510966; 512456;
Nycklar; 510924; 512456;
Dörrstoppare; 510686; 512456;
Innerdörrhandtag; 508270; 512456;
Barnsäkerhet; 513899; 514520;
Möbel- och transporthjul; 514388; 514520;
Draghandtag; 512867; 514520;
Köksinredning; 513695; 514520;
Gardintillbehör; 514192; 514520;
Bords- och stödben; 513740; 514520;
Hyll- och fönsterbänkskonsoler; 514295; 514520;
Golvskydd; 513809; 514520;
Möbel- och skåpbeslag; 513260; 514520;
Trappräckslinor; 514453; 514520;
Lådhandtag; 512729; 514520;
Skyltar och symboler; 514485; 514520;
Knoppar; 512856; 514520;
Krokar; 513671; 514520;
Hänglås; 515825; 516202;
Motorcykel- och mopedlås; 516169; 516202;
Låskättingar och wire; 516156; 516202;
Cykellås; 516201; 516202;
Hänglåsbeslag; 516055; 516202;
Sprintar; 516419; 516522;
Linor; 516289; 516522;
Wirelås; 516521; 516522;
Lekare; 516244; 516522;
Skivblock; 516360; 516522;
S-hakar; 516352; 516522;
Tillbehör rep, tågvirke och linor; 516483; 516522;
Snören och garn; 516404; 516522;
Schacklar; 516326; 516522;
Vantskruvar; 516505; 516522;
Kauser; 516242; 516522;
Tågvirke och rep; 516467; 516522;
Bogserlinor; 516209; 516522;
Ringar; 516311; 516522;
Karbinhakar; 516229; 516522;
Wire; 1097707; 1047845;
Dekorkätting; 1097708; 1047845;
Oklassad handelskätting; 1097706; 1047845;
Badrumsserier; 514975; 515389;
Torkställningar; 515257; 515389;
Tvåldispensrar; 515308; 515389;
Toalettarmstöd; 515108; 515389;
Badrumsskyltar och -krokar; 515388; 515389;
Magneter, tvingar och skruvstycken; 1015753; 1015773;
Chuckar, dubbar och spännverktyg; 1015742; 1015773;
Maskinskruvstycken, fräsbord och snabbspännare; 1015771; 1015773;
Elektromagneter; 1015751; 1015753;
Skruvstycken; 1015749; 1015753;
Etiketthållare; 1015752; 1015753;
Stiftklovar; 1015747; 1015753;
Skruvstycken - Tillbehör; 1015750; 1015753;
Skyddsbackar; 1015748; 1015753;
Chucknycklar; 1015723; 1015742;
Spännbackar; 1015703; 1015742;
Fasta spårklackar; 1015701; 1015742;
Snabbmuttrar; 1015709; 1015742;
Spännjärn; 1015738; 1015742;
Stålfästen - Tillbehör; 1015739; 1015742;
Insatshylsor; 1015688; 1015742;
Fräschuckar - Tillbehör; 1015729; 1015742;
Uppspänningsskruvar; 1015706; 1015742;
T-spårmuttrar; 1015712; 1015742;
Kiljagare; 1015689; 1015742;
Inställningskub; 1015698; 1015742;
Lösa spårklackar; 1015702; 1015742;
T-spårrensare; 1015713; 1015742;
Kantavkännare - Tillbehör; 1015736; 1015742;
Stålfästen; 1015695; 1015742;
Borrchucksdornar; 1015722; 1015742;
Spännbackar - Tillbehör; 1015730; 1015742;
Skyddslist för T-spår; 1015714; 1015742;
Finborranordning - Tillbehör; 1015734; 1015742;
Riktblock; 1015718; 1015742;
Tryckskruv; 1015737; 1015742;
Toppstycken; 1015717; 1015742;
Svarvchuckar; 1015726; 1015742;
Kantavkännare; 1015696; 1015742;
Flänsämnen; 1015694; 1015742;
Spännhylsor; 1015725; 1015742;
Ställbara låsspakar; 1015705; 1015742;
Förlängningshylsor; 1015740; 1015742;
Brickor; 1015710; 1015742;
Centreringsinstrument; 1015697; 1015742;
Skruvdomkraft; 1015719; 1015742;
Finborranordning; 1015687; 1015742;
Centreringsinstrument - Tillbehör; 1015733; 1015742;
Spännunderlägg; 1015715; 1015742;
Gängchuckar - Tillbehör; 1015735; 1015742;
Fjädrande spännklovshållare; 1015711; 1015742;
Stöddockor; 1015716; 1015742;
T-spårskruvar; 1015707; 1015742;
Digitala längdskalor; 1015699; 1015742;
Sexkantmuttrar; 1015708; 1015742;
Borrchuckar - Tillbehör; 1015732; 1015742;
Svarvdubbar - Tillbehör; 1015731; 1015742;
Backskivor; 1015720; 1015742;
Parallellanslag; 1015700; 1015742;
Svarvdubbar; 1015727; 1015742;
Svarvchucksnycklar; 1015693; 1015742;
Fräschuckar; 1015728; 1015742;
Borrchuckar; 1015721; 1015742;
Metallfolie; 1015724; 1015742;
Ändfräsdornar; 1015690; 1015742;
Delningsapparater; 1015755; 1015771;
Ledbara spännskruvar; 1015760; 1015771;
Maskinskruvstycken; 1015764; 1015771;
Koordinatbord; 1015763; 1015771;
Snabbspännare; 1015767; 1015771;
Tryckskruv; 1015769; 1015771;
Maskinskruvstycken - Tillbehör; 1015766; 1015771;
Rundmatningsbord; 1015756; 1015771;
Spännfästen; 1015762; 1015771;
Koordinatbord - Tillbehör; 1015765; 1015771;
Pneumatiska snabbspännare; 1015759; 1015771;
Förslutningsspännare; 1015757; 1015771;
Förslutningsspännare - Tillbehör; 1015768; 1015771;
Tryck- och dragspännare; 1015758; 1015771;
Skyddskåpor; 1015761; 1015771;
Centreringsskruvstycke; 1015754; 1015771;
Tvärarmar; 1015770; 1015771;
Hyvelstål; 1016295; 1016309;
Sågblad; 1016261; 1016309;
Multiverktyg; 1016248; 1016309;
Gängverktyg; 1016238; 1016309;
Borr; 1016217; 1016309;
Mejselverktyg; 1016239; 1016309;
Fräsverktyg; 1016294; 1016309;
Brotschar; 1016302; 1016309;
Svarvverktyg; 1016308; 1016309;
Bågsågblad; 1016252; 1016261;
Sticksågblad; 1016256; 1016261;
Cirkelsågblad; 1016254; 1016261;
Rundsågblad; 1016250; 1016261;
Sticksågblad - Tillbehör; 1016259; 1016261;
Tigersågblad; 1016257; 1016261;
Kontursågblad; 1016251; 1016261;
Insatsringar; 1016249; 1016261;
Bågfilsblad; 1016258; 1016261;
Maskinsågblad; 1016255; 1016261;
Karosserisågblad; 1016260; 1016261;
Bandsågblad; 1016253; 1016261;
Instickssågblad; 1016244; 1016248;
Skrapor; 1016241; 1016248;
Knivar; 1016247; 1016248;
Kapklingor; 1016246; 1016248;
Slipverktyg; 1016242; 1016248;
Segmentsågklingor; 1016245; 1016248;
Adapter; 1016243; 1016248;
Multiverktygsset; 1016240; 1016248;
Gängbackar; 1016218; 1016238;
Gängchuckar; 1016231; 1016238;
Gängrensningsverktyg; 1016227; 1016238;
Gänginsatser; 1016219; 1016238;
Gängchuckar - Tillbehör; 1016234; 1016238;
Gängtappar - Tillbehör; 1016236; 1016238;
Gängkloppor - Tillbehör; 1016235; 1016238;
Förlängningshylsor; 1016225; 1016238;
Svängjärn; 1016229; 1016238;
Gängrensningsverktyg - Tillbehör; 1016237; 1016238;
Gängsnittschuck; 1016232; 1016238;
Gängmuttrar; 1016220; 1016238;
Gängtappshållare - Tillbehör; 1016233; 1016238;
Gängtappsutdragare; 1016228; 1016238;
Gängsnitt; 1016221; 1016238;
Gängkloppor; 1016223; 1016238;
Gängfilar; 1016224; 1016238;
Gängtappar; 1016222; 1016238;
Gängtappshållare; 1016230; 1016238;
Plåtborr - Tillbehör; 1016208; 1016217;
Skruvhålstansar; 1016183; 1016217;
Universalborr; 1016212; 1016217;
Hålsågar - Tillbehör; 1016203; 1016217;
Formborr; 1016178; 1016217;
Tappborr; 1016187; 1016217;
Hålskärare - Tillbehör; 1016209; 1016217;
Svetspunktfräs; 1016198; 1016217;
Stämmhylsor med borr; 1016174; 1016217;
Styrtappar; 1016186; 1016217;
Kärnborr - Tillbehör; 1016202; 1016217;
Pluggborr; 1016182; 1016217;
Borr - satser; 1016201; 1016217;
Borrsvängar; 1016192; 1016217;
Försänkare - Tillbehör; 1016205; 1016217;
Kärnborr; 1016181; 1016217;
Stegborr; 1016170; 1016217;
Borrställ - Tillbehör; 1016207; 1016217;
Borrförlängare; 1016175; 1016217;
Hammarborr; 1016211; 1016217;
Kakelborr; 1016195; 1016217;
Diamantborr; 1016214; 1016217;
Klinkerborr; 1016196; 1016217;
Tappborrhållare; 1016188; 1016217;
Ställbart borr; 1016173; 1016217;
Prylar; 1016193; 1016217;
Stansverktyg - Tillbehör; 1016216; 1016217;
Betongborr; 1016190; 1016217;
Hållare för hålsågar; 1016199; 1016217;
Tappförsänkare; 1016171; 1016217;
Lamellkex; 1016200; 1016217;
Pluggsatser; 1016172; 1016217;
Hålsågar; 1016180; 1016217;
Spiralborr; 1016184; 1016217;
Hålskärare; 1016213; 1016217;
Skruvhålstansar - Tillbehör; 1016206; 1016217;
Borrskaft; 1016191; 1016217;
Svetspunktfräs - Tillbehör; 1016204; 1016217;
Borrställ; 1016197; 1016217;
Försänkare; 1016179; 1016217;
Drillapparater; 1016194; 1016217;
Träborr; 1016189; 1016217;
Plåtborr; 1016185; 1016217;
Stansverktyg; 1016215; 1016217;
Dubbhålsborr; 1016177; 1016217;
Centrumborr; 1016176; 1016217;
Hållare för hålsågar - Tillbehör; 1016210; 1016217;
Mellanläggsringar; 1016287; 1016294;
Avrundningsfräsar; 1016283; 1016294;
Fasfräsar; 1016285; 1016294;
Utvändiga gängskärshållare; 1016278; 1016294;
Dörrfrässats; 1016269; 1016294;
Universal fräskuttersatser; 1016270; 1016294;
Hörnradiefräsar; 1016273; 1016294;
Dörrspegelfräsar; 1016284; 1016294;
Insatshylsor; 1016265; 1016294;
T-spårfräsar; 1016277; 1016294;
Kopierringar; 1016286; 1016294;
Invändig hållare för MDT; 1016271; 1016294;
Grundhållare; 1016262; 1016294;
Ändplanfräsar; 1016281; 1016294;
Frässatser; 1016290; 1016294;
Invändiga gängskärshållare; 1016274; 1016294;
Hårdmetallskär; 1016264; 1016294;
Planfräsar; 1016293; 1016294;
Hörnfräsar med vändskär; 1016272; 1016294;
Skaftfräsar; 1016282; 1016294;
Universalfräskutter; 1016289; 1016294;
Kontraprofilfrässats; 1016268; 1016294;
Pinnfräsar; 1016276; 1016294;
Grundhållare - Tillbehör; 1016292; 1016294;
Lettringsverktyg - Tillbehör; 1016291; 1016294;
Slits- och tappfrässatser; 1016267; 1016294;
Lettringsverktyg; 1016275; 1016294;
Styrlager; 1016266; 1016294;
Vinkeländfräsar; 1016279; 1016294;
Spårfräsar; 1016288; 1016294;
Klingor; 1016263; 1016294;
Vändskär; 1016280; 1016294;
Handbrotschar; 1016296; 1016302;
Kilspårsverktyg; 1016297; 1016302;
Ställbara brotschar; 1016299; 1016302;
Pinnhålsbrotchar; 1016300; 1016302;
Ställbara brotschar - Tillbehör; 1016301; 1016302;
Koniska pinnhålsbrotschar; 1016298; 1016302;
Skärhållare - Tillbehör; 1016306; 1016308;
Sparskär; 1016307; 1016308;
Skärhållare; 1016304; 1016308;
Stålhållare; 1016303; 1016308;
Stålhållare - Tillbehör; 1016305; 1016308;
Induktionsvärmare; 1015513; 1016438;
Glykolprovare; 1016437; 1016438;
Batteripåfyllare; 1016435; 1016438;
Tillbehör till kabelvindor och sladdvindor; 1091658; 1016438;
Startkablar; 1016436; 1016438;
Kabelvindor - Sladdvindor; 1016432; 1016438;
Batteriladdare; 1016431; 1016438;
Starthjälp; 1016433; 1016438;
Strömbrytare; 1016434; 1016438;
Elverk; 1016430; 1016438;
Övriga verktyg och tillbehör; 1086288; 1086276;
Chassi; 1086278; 1086276;
Motorverktyg; 1086289; 1086276;
Motor; 1086286; 1086276;
El-verktyg; 1086279; 1086276;
Verktyg packbox och lagerbanor; 1086290; 1086276;
Kylarsystem; 1086285; 1086276;
Motorstyrning; 1086287; 1086276;
El; 1086280; 1086276;
Kaross; 1086282; 1086276;
Elsystem; 1086281; 1086276;
Karosseri; 1086284; 1086276;
Bromsrörkonare; 1086326; 1086278;
Stötdämparverktyg; 1086293; 1086278;
Rörbock; 1086329; 1086278;
Bromsavluftare; 1086323; 1086278;
Hjulsystem verktyg; 1086292; 1086278;
Bromsok verktyg; 1086324; 1086278;
Mutter; 1086327; 1086278;
Övriga handverktyg; 1086330; 1086278;
Nipplar; 1086328; 1086278;
Bromsrör; 1086325; 1086278;
AdBlue; 1086341; 1086289;
Verktyg; 1086343; 1086289;
Glödstiftshylsa; 1086322; 1086289;
Filter; 1086342; 1086289;
Ledningar och kopplingar; 1086380; 1086289;
Verktyg; 1086318; 1086286;
Lambdasond; 1086319; 1086286;
Koppling och växellåda; 1086316; 1086286;
Bottenplugg; 1086336; 1086286;
Oljefilter; 1086337; 1086286;
Verktyg och tillbehör; 1086315; 1086285;
Flatsäkring Mini Led; 1086386; 1086280;
Flatsäkring Micro Led; 1086297; 1086280;
Kabelgenomföring; 1086301; 1086280;
Flatsäkring Maxi; 1086295; 1086280;
Flatsäkring Mini; 1086298; 1086280;
Säkring sortimentaskar; 1086304; 1086280;
Lampor; 1086303; 1086280;
Batteri - Tillbehör; 1086294; 1086280;
Flatsäkring standard; 1086300; 1086280;
Kontakter; 1086302; 1086280;
Flatsäkring Micro; 1086296; 1086280;
Avdragare bränslefilter; 1086307; 1086282;
Avdragare hjullager; 1086308; 1086282;
Avdragare torkararm; 1086311; 1086282;
Avdragare oljefilter; 1086310; 1086282;
Avdragare kullager-kulbult; 1086309; 1086282;
Avdragare universal; 1086312; 1086282;
Demonteringsverktyg; 1086313; 1086282;
Skarvhylsor krymp; 1086305; 1086281;
Skarvhylsor och stift; 1086306; 1086281;
Slang och rörklämmor; 1086314; 1086284;
Momenttjänster - service - utbildning; 1015350; 1015400;
Monteringsverktyg; 1015377; 1015400;
Momentskruvmejslar; 1015360; 1015400;
Momentnycklar; 1015359; 1015400;
Momentskruvmejslar - Tillbehör; 1015397; 1015400;
Specialmomentskruvmejsel; 1015396; 1015400;
Högmomentdragare; 1015374; 1015400;
Monteringsverktyg - Tillbehör; 1015399; 1015400;
Momentmätutrustning; 1015380; 1015400;
Kalibrering, service och reparation av momentverktyg; 1015346; 1015350;
Uthyrning av momentprodukter; 1015347; 1015350;
Utbildning moment; 1015348; 1015350;
Pulserande monteringsverktyg; 1015375; 1015377;
Krafthylsor Pulserande verktyg; 1015345; 1015377;
Frånslagskopplade monteringsverktyg; 1015376; 1015377;
Klickmomentnycklar; 1015353; 1015359;
Visande momentnycklar; 1015354; 1015359;
Nyckelgrepp - Spärrhuvud; 1090351; 1015359;
Nyckelgrepp - 14X18 mm; 1086468; 1015359;
Nyckelgrepp - 9X12 mm; 1078262; 1015359;
Vikmomentnycklar; 1078267; 1015359;
Vikmomentnycklar - Tillbehör; 1015358; 1015359;
Nyckelgrepp - 16 mm Spigot; 1015355; 1015359;
Klickmomentnycklar - Tillbehör; 1015357; 1015359;
Nyckelgrepp - 28 mm Spigot; 1078261; 1015359;
Kontrollmomentnycklar; 1015361; 1015359;
Nyckelgrepp - Svetsadapter och förlängare; 1090191; 1015359;
Nyckelgrepp - Gedore TBN; 1015356; 1015359;
Nyckelgrepp - 22 mm Spigot; 1078260; 1015359;
Momentbegränsare; 1015368; 1015359;
Manuella momentomvandlare; 1015365; 1015374;
Hydrauliska högmomentdragare; 1015362; 1015374;
Pneumatiska högmomentdragare; 1015363; 1015374;
Pneumatiska högmomentdragare - Tillbehör; 1015373; 1015374;
Hydrauliska pumpar; 1015394; 1015374;
Manuella momentomvandlare - Tillbehör; 1015371; 1015374;
Hydrauliska högmomentdragare - Tillbehör; 1015367; 1015374;
Momentgivare; 1015378; 1015380;
Givarkabel; 1015379; 1015380;
Momenttestare; 1015389; 1015380;
Bänkfixturer för givare; 1015383; 1015380;
Momentmätare - Tillbehör; 1015392; 1015380;
Momentmätare; 1015388; 1015380;
Skrivare; 1015387; 1015380;
Ställ; 1015386; 1015380;
Elektroniska mätinstrument - Tillbehör; 1015390; 1015380;
Kapande metallmaskiner; 1015535; 1015686;
Metallsvarvar; 1015539; 1015686;
Plåtbearbetande metallmaskiner; 1015564; 1015686;
Industrihydraulik; 1015672; 1015686;
Trämaskiner; 1015608; 1015686;
Elektriska handmaskiner; 1015653; 1015686;
Stoftavskiljare; 1015517; 1015686;
Borrande och fräsande metallmaskiner; 1015530; 1015686;
Oljedimfilter - Tillbehör; 1015685; 1015686;
Oljedimfilter; 1015516; 1015686;
Batterihandmaskiner; 1015680; 1015686;
Kylvätskesystem; 1015684; 1015686;
Maskindelar; 1015626; 1015686;
Polermaskiner; 1015519; 1015686;
Slipande metallmaskiner; 1015578; 1015686;
Klingkapmaskiner; 1015532; 1015535;
Klingkapmaskiner - Tillbehör; 1015534; 1015535;
Kallbandsågar - Tillbehör; 1015533; 1015535;
Kallbandsågar; 1015531; 1015535;
Bänksvarvar och golvsvarvar - Tillbehör; 1015538; 1015539;
Bänksvarvar; 1015536; 1015539;
Golvsvarvar; 1015537; 1015539;
Rundmaskiner - Tillbehör; 1015563; 1015564;
Plåtsaxar; 1015550; 1015564;
Kantmaskiner; 1015548; 1015564;
Rundmaskiner; 1015552; 1015564;
Böjapparater; 1015545; 1015564;
Gradsaxar - Tillbehör; 1015559; 1015564;
Kantmaskiner - Tillbehör; 1015561; 1015564;
Röravgradningsmaskiner; 1015544; 1015564;
Verkstadspressar; 1015555; 1015564;
Verkstadspressar - Tillbehör; 1015558; 1015564;
Hörnklippmaskiner; 1015543; 1015564;
Stansmaskiner; 1015540; 1015564;
Maskingradsaxar; 1015542; 1015564;
Sickmaskiner; 1015554; 1015564;
Hörnklippmaskiner - Tillbehör; 1015556; 1015564;
Gradsaxar; 1015547; 1015564;
Bänkpressar; 1015549; 1015564;
Plåtsaxar - Tillbehör; 1015560; 1015564;
Manometrar; 1015668; 1015672;
Tryckhuvuden; 1015671; 1015672;
Hydraliska avdragare; 1015661; 1015672;
Distansbrickor; 1015667; 1015672;
Kilar; 1015663; 1015672;
Cylinderfästen; 1015666; 1015672;
Kopplingar; 1015658; 1015672;
Cylindrar; 1015655; 1015672;
Riktsatser; 1015656; 1015672;
Slangar; 1015657; 1015672;
Mothåll; 1015665; 1015672;
Manometer; 1015660; 1015672;
Hydralpumpar; 1015654; 1015672;
Mutterspräckare; 1015664; 1015672;
Stödplattor; 1015670; 1015672;
Hydraulpumpar - Tillbehör; 1015662; 1015672;
Kolvfästen; 1015669; 1015672;
Kopplingsstycken; 1015659; 1015672;
Sågställ; 1015579; 1015608;
Spånutsugar; 1015593; 1015608;
Träfräsmaskiner; 1015587; 1015608;
Band och skivputsmaskiner - Tillbehör; 1015606; 1015608;
Universalsågar; 1015580; 1015608;
Spånutsugar - Tillbehör; 1015599; 1015608;
Fräsbord; 1015597; 1015608;
Bandputsmaskiner; 1015590; 1015608;
Universalsågar - Tillbehör; 1015602; 1015608;
Mataraggregat; 1015581; 1015608;
Sågställ - Tillbehör; 1015605; 1015608;
Träsvarvar - Tillbehör; 1015607; 1015608;
Byggnadssågar - Tillbehör; 1015600; 1015608;
Skivputsmaskiner; 1015596; 1015608;
Stämborrmaskiner; 1015584; 1015608;
Cirkelsågar; 1015586; 1015608;
Kontursågar; 1015594; 1015608;
Kombinerade snickerimaskiner; 1015582; 1015608;
Bandsågar; 1015583; 1015608;
Rikt- och planhyvlar; 1015591; 1015608;
Kap- och geringsågar; 1015588; 1015608;
Rikt och planhyvlar - Tillbehör; 1015603; 1015608;
Träsvarvar; 1015592; 1015608;
Byggnadssågar; 1015585; 1015608;
Vedklyvar - Tillbehör; 1015604; 1015608;
Bandsågar - Tillbehör; 1015601; 1015608;
Band- och skivputsmaskiner; 1015589; 1015608;
Handhyvlar; 1015642; 1015653;
Dyckertpistoler; 1015644; 1015653;
Kantfasmaskiner - Tillbehör; 1015648; 1015653;
Plastsvetsapparater - Tillbehör; 1015649; 1015653;
Handnibblingsmaskiner; 1015633; 1015653;
Handplåtsax - Tillbehör; 1015646; 1015653;
Vinkelslipmaskiner; 1015630; 1015653;
Universalsågar; 1015640; 1015653;
Tigersågar; 1015628; 1015653;
Sticksågar; 1015641; 1015653;
Kantfasmaskiner; 1015634; 1015653;
Handplåtsaxar; 1015632; 1015653;
Falsmaskiner - Tillbehör; 1015647; 1015653;
Mutterdragare; 1015629; 1015653;
Elektriska häftpistoler; 1015645; 1015653;
Slagborrmaskiner; 1015627; 1015653;
Handnibblingsmaskiner - Tillbehör; 1015652; 1015653;
Fräsmaskiner; 1015635; 1015653;
Fräsmaskiner - Tillbehör; 1015650; 1015653;
Plastsvetsapparat; 1015637; 1015653;
Fogpressar; 1015631; 1015653;
Borrhammare; 1015639; 1015653;
Falsmaskiner; 1015636; 1015653;
Metallfräsmaskiner; 1015522; 1015530;
Metallfräsmaskiner - Tillbehör; 1015527; 1015530;
Bänkborrmaskin - Tillbehör; 1015525; 1015530;
Borrmaskinsstativ; 1015520; 1015530;
Borr- och fräsmaskiner - Tillbehör; 1015528; 1015530;
Pelarborrmaskin; 1015524; 1015530;
Pelarborrmaskin - Tillbehör; 1015526; 1015530;
Polermaskiner - Tillbehör; 1015518; 1015530;
Bänkborrmaskin; 1015523; 1015530;
Borr- och fräsmaskiner; 1015521; 1015530;
Batterier; 1015676; 1015680;
Mutterdragare; 1015678; 1015680;
Fettsprutor; 1015679; 1015680;
Skruvdragare; 1015673; 1015680;
Batteriladdare; 1015677; 1015680;
Kylvätskepumpar; 1015681; 1015684;
Slangkomponenter; 1015682; 1015684;
Kylvätskeslangar; 1015683; 1015684;
Ställbara spännspakar; 1015616; 1015626;
Fasta låsspakar; 1015614; 1015626;
Vinkellänkar; 1015624; 1015626;
Vridbara handtag; 1015612; 1015626;
Stjärnvred; 1015609; 1015626;
Vingskruv; 1015610; 1015626;
Maskinrattar; 1015621; 1015626;
Materialstöd; 1015622; 1015626;
Handtagskulor; 1015620; 1015626;
Spakhandtag; 1015611; 1015626;
Gaffellänkar; 1015625; 1015626;
Rullbord; 1015618; 1015626;
Länkskruv; 1015617; 1015626;
Ställbara låsspakar; 1015615; 1015626;
Kullänkar; 1015623; 1015626;
Bygelhandtag; 1015613; 1015626;
Pelarslipmaskiner; 1015567; 1015578;
Bänkslipmaskiner; 1015565; 1015578;
Borrslipmaskiner; 1015568; 1015578;
Magnetborrmaskiner; 1055457; 1015578;
Utsugningsanordningar; 1015574; 1015578;
Bänkslipmaskiner - Tillbehör; 1015576; 1015578;
Borrslipmaskiner - Tillbehör; 1015575; 1015578;
Våtslipmaskiner; 1015569; 1015578;
Borrslipapparater; 1015570; 1015578;
Dammpåse; 1015572; 1015578;
Bandslipmaskiner - Tillbehör; 1015577; 1015578;
Bandslipmaskiner; 1015566; 1015578;
Borrslipapparater - Tillbehör; 1015571; 1015578;
Gasbågsvetsmaskiner - Tillbehör; 1016528; 1016529;
TIG-svetsmaskiner - Tillbehör; 1016524; 1016529;
Plasmaskärare - Tillbehör; 1016526; 1016529;
Svetslikriktare - Tillbehör; 1016527; 1016529;
Svetsrökfilter; 1016506; 1016529;
Punktsvetselektroder med koniskt fäste; 1016491; 1016529;
Svetsutrustning; 1016485; 1016529;
Sugplatta; 1016505; 1016529;
Svetselektroder; 1016521; 1016529;
Svetstransformator; 1016486; 1016529;
Svetstråd och Rörtråd; 1016494; 1016529;
Tillsatsmaterial; 1016503; 1016529;
Svetslikriktare; 1016487; 1016529;
Gassvetstråd; 1016504; 1016529;
Gasbågsvetsmaskiner halvautomater - Tillbehör; 1016525; 1016529;
Svetsrökfilter - Tillbehör; 1016522; 1016529;
Utsugningsaggregat; 1016520; 1016529;
Gasbågsvetsmaskiner halvautomater; 1016488; 1016529;
Solidtråd för hårdsvetsning; 1016493; 1016529;
Transportabla utrustningar; 1016444; 1016485;
Svetstrådsrenare; 1016466; 1016485;
Manuella punktsvetstänger - Tillbehör; 1016483; 1016485;
Gasflaskpackningar; 1016449; 1016485;
Kabelskarvdon; 1016468; 1016485;
Brandskyddshandske; 1016454; 1016485;
Reduceringsventiler - Tillbehör; 1016484; 1016485;
Kontrollinstruktion: Gula kortet; 1016481; 1016485;
Gaständare; 1016439; 1016485;
Fästbalk; 1016472; 1016485;
Skärmunstycken; 1016443; 1016485;
Behållarkoppling; 1016450; 1016485;
Manometrar; 1016446; 1016485;
Komb. svets- och skärbrännare; 1016457; 1016485;
Slangsockel; 1016447; 1016485;
Gasuttagsventiler; 1016460; 1016485;
Flödesmätarrör; 1016477; 1016485;
Svetsbord; 1016480; 1016485;
Gasförvärmare; 1016475; 1016485;
Dubbeluttag; 1016441; 1016485;
Gasflaska; 1016445; 1016485;
Jordklämmor; 1016469; 1016485;
Gassparare; 1016458; 1016485;
Maskinkopplingar; 1016467; 1016485;
Manuella punktsvetstänger; 1016462; 1016485;
Bakslagsspärrar; 1016440; 1016485;
Gaskopplingar; 1016461; 1016485;
Svetskablar; 1016471; 1016485;
Flamspärrar; 1016455; 1016485;
Svetsslangar; 1016452; 1016485;
Skarvkopplingar; 1016453; 1016485;
Komb. svets- och skärbrännare - Tillbehör; 1016482; 1016485;
Komponenter till gasuttagspost; 1016476; 1016485;
Rensnålar; 1016442; 1016485;
Svets- och slipmatta; 1016478; 1016485;
Flödesmätare; 1016474; 1016485;
Elektrodhållare; 1016463; 1016485;
Reduceringsventiler; 1016456; 1016485;
Regulatorer; 1016473; 1016485;
Packning; 1016448; 1016485;
Snabbkopplingar; 1016459; 1016485;
Svets- och kontrollspegel; 1016451; 1016485;
Betpasta standard; 1016499; 1016503;
Betpasta super; 1016501; 1016503;
Betpasta optima; 1016500; 1016503;
Svetsspray; 1016495; 1016503;
Svetspasta; 1016497; 1016503;
Pensel; 1016498; 1016503;
Karosseriarm; 1016509; 1016520;
Modulfilter; 1016515; 1016520;
Punktutsugar styrskåp; 1016516; 1016520;
Fläktar för punktutsug; 1016514; 1016520;
Ljuddämpare; 1016512; 1016520;
Fläktar för punktutsug - Tillbehör; 1016518; 1016520;
Punktutsugar - Tillbehör; 1016513; 1016520;
Punktutsugar plåthuv; 1016510; 1016520;
Punktutsugar; 1016508; 1016520;
Bilglashuv; 1016511; 1016520;
Kataloger; 1016350; 1016429;
Butiksinredning; 1016425; 1016429;
Teng Collection; 1016392; 1016429;
Etikettskena; 1016409; 1016425;
Pallöverdrag; 1016412; 1016425;
Cirkelhylla; 1016400; 1016425;
Spjutskena; 1016407; 1016425;
Broschyrhållare; 1016422; 1016425;
Rondellställ; 1016416; 1016425;
Avdelare; 1016399; 1016425;
Hyllkantskyltar; 1016395; 1016425;
Skyltpanel; 1016421; 1016425;
Skenor; 1016417; 1016425;
Skyltar; 1016410; 1016425;
Enkelspjut; 1016419; 1016425;
Slippappersställ; 1016404; 1016425;
Etiketthållare; 1016413; 1016425;
Luftmaskinspinne; 1016420; 1016425;
Kap- och slipskivställ; 1016405; 1016425;
Gaveldekoration; 1016396; 1016425;
Skyltfolie; 1016397; 1016425;
Hylla; 1016398; 1016425;
Frässkåpskylt; 1016403; 1016425;
Etikettlist; 1016414; 1016425;
Ljusramp; 1016411; 1016425;
Butiksställ; 1016423; 1016425;
Laserhylla; 1016418; 1016425;
Displaykorg; 1016406; 1016425;
Dubbelspjut; 1016408; 1016425;
Bänkskivor; 1016424; 1016425;
T-shirts; 1016356; 1016392;
Skyddsglasögon; 1016384; 1016392;
Ryggsäckar; 1016360; 1016392;
Pikétröjor; 1016351; 1016392;
Klistermärken; 1016372; 1016392;
Flasköppnare; 1016374; 1016392;
Plastbärkasse; 1016366; 1016392;
Sportbag; 1016359; 1016392;
Barstol; 1016365; 1016392;
Bagagebricka; 1016368; 1016392;
Softshell jackor; 1016352; 1016392;
Korkskruv; 1016373; 1016392;
Overaller; 1016353; 1016392;
Datorryggsäck; 1016361; 1016392;
Barbord; 1016385; 1016392;
Kalsonger; 1016391; 1016392;
Arbetsbyxor; 1016357; 1016392;
Karameller; 1016377; 1016392;
Flagga; 1016370; 1016392;
Vattenflaska; 1016387; 1016392;
Kepsar; 1016354; 1016392;
Pallöverdrag; 1016379; 1016392;
Resedokumenthållare; 1016363; 1016392;
Profilerat partytält; 1016358; 1016392;
Resväskor; 1016364; 1016392;
Matta; 1016371; 1016392;
Pennfack; 1016380; 1016392;
TT märksats; 1016389; 1016392;
Stickad mössa; 1016355; 1016392;
Bilbältesskydd; 1016362; 1016392;
Bälte; 1016388; 1016392;
Burkkylare; 1016375; 1016392;
Tatuering; 1016390; 1016392;
Väskkrok; 1016369; 1016392;
Paraply; 1016367; 1016392;
Skyddssolglasögon; 1016383; 1016392;
Filskaft; 1016083; 1016169;
Skavstål; 1016082; 1016169;
Gradverktyg; 1016081; 1016169;
Borstar; 1016093; 1016169;
Rondeller; 1016168; 1016169;
Slipverktyg; 1016153; 1016169;
Kapverktyg; 1016097; 1016169;
Cirkulärborstar; 1016088; 1016093;
Ändborstar; 1016091; 1016093;
Sotarlod; 1016086; 1016093;
Sotviskor; 1016085; 1016093;
Värmepannborstar; 1016084; 1016093;
Axialborstar; 1016087; 1016093;
Rörborstar - Tillbehör; 1016092; 1016093;
Rörborstar; 1016090; 1016093;
Handborstar; 1016089; 1016093;
Fiberrondeller; 1016155; 1016168;
Pressade rondeller; 1016154; 1016168;
Slipnylonrondeller; 1016162; 1016168;
Navrondeller; 1016159; 1016168;
Hållare till kvickrondeller; 1016164; 1016168;
Slipnylonrondeller - Tillbehör; 1016165; 1016168;
Lamellrondeller; 1016158; 1016168;
Ytkonditioneringsrondeller - Tillbehör; 1016167; 1016168;
Grovrengöringsrondeller; 1016156; 1016168;
Ytkonditioneringsrondeller; 1016161; 1016168;
Slippapperrondeller; 1016160; 1016168;
Kvickrondeller; 1016157; 1016168;
Kvickrondeller - Tillbehör; 1016166; 1016168;
Minilamellrondeller; 1016163; 1016168;
Lappolerskivor; 1016113; 1016153;
Dekorborttagare; 1016149; 1016153;
Polervax; 1016130; 1016153;
Förputsvax; 1016119; 1016153;
Polerset; 1016128; 1016153;
Slipnätsrondeller; 1016127; 1016153;
Slipstift; 1016146; 1016153;
Polerkräm; 1016122; 1016153;
Slipskivor; 1016131; 1016153;
Stålull; 1016106; 1016153;
Slipnylonark; 1016144; 1016153;
Kompaktskivor; 1016110; 1016153;
Hållare; 1016147; 1016153;
Putsrullar; 1016103; 1016153;
Pressade skivor; 1016109; 1016153;
Planslipringar; 1016098; 1016153;
Slipdukshylsor; 1016140; 1016153;
Slipskiveavrivare - Tillbehör; 1016152; 1016153;
Diamantslipklotsar; 1016105; 1016153;
Slipsvampar; 1016148; 1016153;
Filtpolerstift; 1016111; 1016153;
Talgvax; 1016108; 1016153;
Bandslipskivor; 1016104; 1016153;
Slipdukar; 1016143; 1016153;
Slipspindlar; 1016101; 1016153;
Sliprullar - Tillbehör; 1016107; 1016153;
Glänsvax; 1016121; 1016153;
Slipduksstift; 1016150; 1016153;
Polerhättor; 1016116; 1016153;
Lamellslipstift; 1016139; 1016153;
Stödtallrikar; 1016135; 1016153;
Fiberborstar; 1016115; 1016153;
Sandpapper; 1016142; 1016153;
Polerslipstift; 1016141; 1016153;
Borstvax; 1016120; 1016153;
Brynen; 1016134; 1016153;
Sisalskivor; 1016114; 1016153;
Slipklotsar; 1016136; 1016153;
Filtpolerskivor; 1016112; 1016153;
Polersvampar; 1016117; 1016153;
Diamantpasta; 1016123; 1016153;
Slipband; 1016138; 1016153;
Roterande hårdmetallfilar; 1016133; 1016153;
Polerskivor; 1016129; 1016153;
Sliprullar; 1016137; 1016153;
Slipdukshylsor - Tillbehör; 1016151; 1016153;
Slipskiveavrivare; 1016100; 1016153;
Smärgelvax; 1016118; 1016153;
Slippapper; 1016145; 1016153;
Slipskålar; 1016132; 1016153;
Ventilslipningspasta; 1016124; 1016153;
Polerpasta; 1016126; 1016153;
Spännhylsor; 1016099; 1016153;
Diamantkapklingor; 1016094; 1016097;
Kapskivor; 1016095; 1016097;
Diamantkapklingor - Tillbehör; 1016096; 1016097;
Smörjmedel; 1014741; 1014838;
Rostskyddsmedel; 1014767; 1014838;
Korrosionsmedel; 1014766; 1014838;
Rengöringsmedel; 1014765; 1014838;
Övrig kem.; 1014782; 1014838;
Lim; 1014837; 1014838;
Skärvätskor; 1014735; 1014741;
Silikonolja; 1014701; 1014741;
Talk; 1014702; 1014741;
Grafit; 1014682; 1014741;
Växellådsolja; 1014710; 1014741;
Kedjefett; 1014714; 1014741;
Kullagerfett; 1014715; 1014741;
Hydraulolja; 1014683; 1014741;
Universalfett; 1014719; 1014741;
Kedjeolja; 1014684; 1014741;
Skärpasta; 1014732; 1014741;
Supervidhäftande fett; 1014718; 1014741;
Universalolja; 1014707; 1014741;
Formverktyg - Smörj; 1092529; 1014741;
Silikonfett; 1014724; 1014741;
Elverksolja / Kompressorolja; 1014681; 1014741;
Cykelolja-Bike oil; 1014677; 1014741;
Universalmedel-Marin; 1014705; 1014741;
Högtrycksfett; 1014723; 1014741;
Kompressorolja; 1014687; 1014741;
Smörjfett, syntetiskt; 1014722; 1014741;
Mineralfett; 1014717; 1014741;
Universalsmörjmedel; 1014695; 1014741;
Systemrengörare; 1014737; 1014741;
Metallfri antikärvsmörjmedel; 1014726; 1014741;
Vitt litiumfett med PTFE; 1014721; 1014741;
Låsolja med teflon; 1014693; 1014741;
Korrosionsmedel; 1014678; 1014741;
Pulversmörjmedel; 1014698; 1014741;
Torrsmörjning; 1097785; 1014741;
Kopparpasta; 1014725; 1014741;
Klisterolja/Kedjespray; 1014686; 1014741;
Formolja; 1014739; 1014741;
Gängpasta; 1014734; 1014741;
Låsspray; 1014691; 1014741;
Vapenolja; 1014709; 1014741;
Kompressorolja - Syntetisk; 1014688; 1014741;
Lågtemperaturfett; 1014740; 1014741;
Motorolja; 1014694; 1014741;
Antikärvpasta; 1014728; 1014741;
Hushållsolja; 1014704; 1014741;
Kylpasta/Glidmedel; 1014729; 1014741;
Motorkonservering; 1014706; 1014741;
Gejdolja/Cirkulationsolja; 1014689; 1014741;
Luftverktygsolja; 1014690; 1014741;
Låsolja; 1014692; 1014741;
Elektronikolja; 1014680; 1014741;
Universalspray; 1014720; 1014741;
Långtidsverkande fett med MOS; 1014716; 1014741;
Universalolja Teflon; 1014712; 1014741;
Rostlösare; 1014700; 1014741;
Kedjespray; 1014685; 1014741;
Sågkedjeoljor; 1014703; 1014741;
Smörjolja; 1014708; 1014741;
Power Lube; 1014697; 1014741;
Montagepasta; 1014727; 1014741;
Skärolja; 1014730; 1014741;
Skärspray; 1014731; 1014741;
Gängoljor; 1014733; 1014741;
Högtemperaturfett; 1014713; 1014741;
Formverktyg - Korrosion; 1092530; 1014766;
Rengöringsdukar; 1014758; 1014765;
Färgborttagare; 1014764; 1014765;
Vinylglans, vinylsvamp; 1014750; 1014765;
Avfettningsmedel; 1014746; 1014765;
Dammrengöring; 1014754; 1014765;
Fönstertvätt; 1014743; 1014765;
Gummi- och plastrengöringsmedel; 1014747; 1014765;
Industri- och maskinrengöring; 1014761; 1014765;
Universalrengöring; 1014755; 1014765;
Ytrengöring; 1014763; 1014765;
Etikettborttagare; 1014751; 1014765;
Hudrengöring; 1014744; 1014765;
Glasrengöring; 1014753; 1014765;
Formverktyg - Rengöring; 1092528; 1014765;
Klotterborttagare; 1014745; 1014765;
Elektronikrengöring; 1014742; 1014765;
Rengöringsskum; 1014756; 1014765;
Silikonborttagning; 1014757; 1014765;
Kontaktrengöring; 1014752; 1014765;
Kylspray; 1014772; 1014782;
Bilvård; 1014771; 1014782;
Allroundgas; 1014776; 1014782;
Lackfärg; 1014768; 1014782;
Spricksökare; 1014781; 1014782;
Läckspray; 1014777; 1014782;
Remspray; 1014773; 1014782;
Lysrörslossare; 1014769; 1014782;
Lagningspasta; 1014775; 1014782;
Isolerlack; 1014774; 1014782;
Elektronik kem.; 1014770; 1014782;
Lösningsmedel; 1014780; 1014782;
Aktivatorer och rengöringsmedel; 1014804; 1014837;
Elektriskt ledande lim; 1014823; 1014837;
Reparationskit; 1014815; 1014837;
Ljuddämpning; 1014832; 1014837;
Stålepoxy; 1014799; 1014837;
Strukturlim; 1014828; 1014837;
Reparationslim; 1014813; 1014837;
Cylindrisk fastsättning; 1014786; 1014837;
Dispenser; 1014819; 1014837;
Gänglåsning; 1014783; 1014837;
Rutlim; 1014824; 1014837;
Doseringshjälpmedel; 1014803; 1014837;
Silikon; 1014809; 1014837;
Spackel; 1014790; 1014837;
Plastic Padding Spackelprodukter; 1014789; 1014837;
Kapillärverkande låsvätska och tätning; 1014791; 1014837;
Utrustning; 1014821; 1014837;
Membranventil; 1014820; 1014837;
Kylsmörjfett och Glidmedel; 1014810; 1014837;
Limsatser; 1014788; 1014837;
Packningsklister; 1014794; 1014837;
Flänstätning; 1014785; 1014837;
Polyolefin Primer; 1014795; 1014837;
Doseringshjälpmedel - Tillbehör; 1014836; 1014837;
Akryllim; 1014797; 1014837;
Ljushärdande utrustning; 1014829; 1014837;
Reparationstejp; 1014816; 1014837;
Snabblim - Tillbehör; 1014814; 1014837;
Konstruktionslim; 1014792; 1014837;
Betongreparation; 1014833; 1014837;
UV lim; 1014811; 1014837;
Doseringspistoler; 1014802; 1014837;
Kemisk metallreparation; 1014822; 1014837;
Epoxylim; 1014798; 1014837;
Reparationsmassa; 1014800; 1014837;
Snabblim; 1014796; 1014837;
Produktslangar; 1014817; 1014837;
Karrosserireparation; 1014825; 1014837;
O-ringsats; 1014801; 1014837;
Tätning; 1014787; 1014837;
Polyuretanlim; 1014827; 1014837;
Kontaktlim; 1014812; 1014837;
Plastic Padding Spackelprodukter - Tillbehör; 1014834; 1014837;
Gängtätning/rörtätning; 1014784; 1014837;
Handsågar; 1015315; 1015344;
Skruvutdragare och avdragare; 1014906; 1015344;
Handfilar; 1015013; 1015344;
Skruvmejslar; 1015163; 1015344;
Elektrikerverktyg och elektroniktänger; 1015120; 1015344;
Slagverktyg; 1015141; 1015344;
Bräckjärn; 1015295; 1015344;
Märkverktyg; 1015080; 1015344;
Häftverktyg; 1015042; 1015344;
Rikt, hugg och driv; 1015017; 1015344;
Verktygssäkring; 1015111; 1015344;
Serviceverktyg; 1015290; 1015344;
Tvingar; 1014951; 1015344;
Limpistoler och varmluftsapparater; 1015342; 1015344;
Träskärverktyg; 1015032; 1015344;
Saxar; 1015155; 1015344;
Verktygssatser; 1015043; 1015344;
Hylsor och hylsverktyg; 1014890; 1015344;
Murarverktyg; 1014991; 1015344;
Nitpistoler, nit och skruv; 1015090; 1015344;
Transportvagn; 1015343; 1015344;
Verktygsförvaring; 1015061; 1015344;
Bits; 1015008; 1015344;
Hantverksmät; 1015337; 1015344;
Nycklar; 1014876; 1015344;
VVS-verktyg; 1015203; 1015344;
Knivar; 1015328; 1015344;
Smörjverktyg; 1015239; 1015344;
Tänger; 1014940; 1015344;
Glasverktyg; 1015067; 1015344;
Bågfilar; 1015301; 1015315;
Lövsågar - Tillbehör; 1015314; 1015315;
Universalsågar; 1015302; 1015315;
Lövsågar; 1015308; 1015315;
Geringssågar; 1015300; 1015315;
Fogsvansar; 1015298; 1015315;
Bågsågar; 1015309; 1015315;
Geringsstöd; 1015296; 1015315;
Geringslådor; 1015297; 1015315;
Universalsågar - Tillbehör; 1015312; 1015315;
Sågblad; 1015303; 1015315;
Japansågblad - Tillbehör; 1015313; 1015315;
Byggstenssågar; 1015307; 1015315;
Fanérsågar; 1015306; 1015315;
Bågfilar - Tillbehör; 1015304; 1015315;
Ryggsågar; 1015305; 1015315;
Geringssågar - Tillbehör; 1015311; 1015315;
Sticksågar; 1015310; 1015315;
Japansågar; 1015299; 1015315;
Skruvutdragare; 1014895; 1014906;
Kulledsavdragare; 1014898; 1014906;
Tvåarmad avdragare - Tillbehör; 1014903; 1014906;
Kullageravdragare - Tillbehör; 1014905; 1014906;
Avdragarplattor; 1014894; 1014906;
Skruvutdragare - Tillbehör; 1014901; 1014906;
Avdragare; 1014892; 1014906;
Kullageravdragare; 1014893; 1014906;
Trearmad avdragare; 1014897; 1014906;
Kombinationsavdragare; 1014899; 1014906;
Hydraultillsatser; 1014891; 1014906;
Trearmad avdragare - Tillbehör; 1014900; 1014906;
Tvåarmad avdragare; 1014896; 1014906;
Avdragare - Tillbehör; 1014904; 1014906;
Träfilar; 1015010; 1015013;
Nålfilar; 1015011; 1015013;
Metallfilar - Tillbehör; 1015012; 1015013;
Metallfilar; 1015009; 1015013;
Finmekanikermejslar; 1015157; 1015163;
Skruvmejslar; 1015156; 1015163;
Testmejslar; 1015158; 1015163;
1000 Volt-mejslar; 1015159; 1015163;
Skruvmejslar - Tillbehör; 1015160; 1015163;
Buntband; 1015113; 1015120;
Kopplingsplint; 1015112; 1015120;
Elektrikermejslar; 1015119; 1015120;
Ändhylsor; 1015118; 1015120;
Kabelskor; 1015117; 1015120;
Huggpipor; 1015132; 1015141;
Mjuka hammare; 1015125; 1015141;
Lösa träskaft; 1015135; 1015141;
Släggor; 1015124; 1015141;
Drivdorn - Tillbehör; 1015134; 1015141;
Körnare - Tillbehör; 1015139; 1015141;
Kopparhammare; 1015126; 1015141;
Huggmejslar - Tillbehör; 1015140; 1015141;
Verkstadshammare; 1015123; 1015141;
Verkstadshammare - Tillbehör; 1015137; 1015141;
Spikdrivare; 1015131; 1015141;
Murarhammare; 1015122; 1015141;
Stansar; 1015133; 1015141;
Spikutdragare; 1015127; 1015141;
Drivdorn; 1015129; 1015141;
Släggor - Tillbehör; 1015138; 1015141;
Körnare; 1015130; 1015141;
Huggmejslar; 1015128; 1015141;
Bygghammare; 1015121; 1015141;
Mjuka hammare - Tillbehör; 1015136; 1015141;
Gångjärnsriktare; 1015294; 1015295;
Brytspett; 1015292; 1015295;
Spett; 1015291; 1015295;
Bräckjärn; 1015293; 1015295;
Gravyrapparater - Tillbehör; 1015078; 1015080;
Pennor - Tillbehör; 1015076; 1015080;
Pennor; 1015071; 1015080;
Märkmaskiner; 1015068; 1015080;
Glödritningspenna; 1015079; 1015080;
Ritsverktyg; 1015072; 1015080;
Märkfärg; 1015075; 1015080;
Kritor; 1015073; 1015080;
Gravyrapparater; 1015069; 1015080;
Märkband; 1015074; 1015080;
Ritsverktyg - Tillbehör; 1015077; 1015080;
Stämplar; 1015070; 1015080;
Häfthammare - Tillbehör; 1015040; 1015042;
Häfttång; 1015039; 1015042;
Spik; 1015036; 1015042;
Häfthammare; 1015034; 1015042;
Häftklammer; 1015035; 1015042;
Kontorshäftare; 1015038; 1015042;
Kabelpistol; 1015037; 1015042;
Häftpistol; 1015033; 1015042;
Knoster; 1015015; 1015017;
Smidesstäd; 1015014; 1015017;
Riktjärn; 1015016; 1015017;
Sele; 1015110; 1015111;
Balansblock; 1015106; 1015111;
Karbiner; 1015091; 1015111;
Handledsband; 1015099; 1015111;
Verktygsbälten; 1015100; 1015111;
Webstroppar; 1015094; 1015111;
Karbinhakar; 1015092; 1015111;
Skruvlänkar; 1015096; 1015111;
Stroppar; 1015102; 1015111;
Infästningsband; 1015108; 1015111;
Svivlar; 1015093; 1015111;
Säkerhetsnät; 1015109; 1015111;
Wire; 1015103; 1015111;
Linskydd; 1015095; 1015111;
Silicontape; 1085192; 1015111;
Schacklar; 1015097; 1015111;
D-ringar; 1015098; 1015111;
Infästningskomponenter; 1015105; 1015111;
Band; 1015104; 1015111;
Skrapor; 1015277; 1015290;
Oljeserviceverktyg - Tillbehör; 1015289; 1015290;
Verkstadskranar; 1015256; 1015290;
Ventillyftare; 1015280; 1015290;
Pallbockar; 1015255; 1015290;
Oljeserviceverktyg; 1015265; 1015290;
Fjäderbenspress; 1015259; 1015290;
Drivdorn; 1015274; 1015290;
Garagedomkrafter; 1015252; 1015290;
Hjulmuttrar; 1015264; 1015290;
Lyftmagneter; 1048635; 1015290;
Fjäderbenspress - Tillbehör; 1015260; 1015290;
Fjäderspännare; 1015269; 1015290;
Magnetband; 1015283; 1015290;
Magnetskålar; 1015248; 1015290;
Skyddsmattor; 1015279; 1015290;
Magnetisk plåtlyftare; 1015243; 1015290;
V-block; 1015241; 1015290;
Ficklampor; 1015263; 1015290;
Bromsfjäderverktyg; 1015262; 1015290;
Låsbrickstänger, självlåsande tänger och spetstänger; 1015278; 1015290;
Kolvringskompressor; 1015281; 1015290;
Växellådslyftar; 1015258; 1015290;
Inspektionsspeglar; 1015251; 1015290;
Riktsats; 1015261; 1015290;
Honingsverktyg; 1015272; 1015290;
Magnetskena; 1015284; 1015290;
Garagedomkrafter - Tillbehör; 1015253; 1015290;
Magnet till/från omkopplare; 1015242; 1015290;
Pelardomkrafter; 1015254; 1015290;
Tändstiftsverktyg; 1015268; 1015290;
Mekanikerstol; 1015273; 1015290;
Hjullyft; 1015257; 1015290;
Ringmonteringsjärn; 1015266; 1015290;
Magnetremsa; 1015285; 1015290;
Elektromagneter; 1015250; 1015290;
Magnetisk vinkel; 1015240; 1015290;
Mekanikerstol - Tillbehör; 1015288; 1015290;
Liggbrädor; 1015270; 1015290;
Praktisk verktygsförvaring; 1015271; 1015290;
Magnetiska uppsamlare; 1015287; 1015290;
Krafthylsor; 1015267; 1015290;
Magnetsökare; 1015247; 1015290;
Mothåll; 1015282; 1015290;
Gripklor; 1015246; 1015290;
Hylsor; 1015275; 1015290;
Honingsverktyg - Tillbehör; 1015245; 1015290;
Krokar; 1015276; 1015290;
Muttersplittrare; 1015244; 1015290;
Magneter permanenta; 1015249; 1015290;
Limknektar - Tillbehör; 1014947; 1014951;
Skruvtvingar - Tillbehör; 1014948; 1014951;
Enhandstvingar; 1014942; 1014951;
Svetstvingar - Tillbehör; 1014950; 1014951;
Bandtvingar - Tillbehör; 1014949; 1014951;
Bandtvingar; 1014945; 1014951;
Svetstvingar; 1014946; 1014951;
Limknektar; 1014943; 1014951;
Klämmor; 1014944; 1014951;
Skruvtvingar; 1014941; 1014951;
Varmluftsapparater - Tillbehör; 1015341; 1015342;
Limpistoler; 1015339; 1015342;
Varmluftsapparater; 1015340; 1015342;
Hyvlar; 1015019; 1015032;
Hyvlar - Tillbehör; 1015027; 1015032;
Skölpar; 1015021; 1015032;
Bildhuggarjärn; 1015022; 1015032;
Surformverktyg - Tillbehör; 1015029; 1015032;
Stämjärn; 1015020; 1015032;
Surformverktyg; 1015025; 1015032;
Vedkil; 1015018; 1015032;
Stämjärn - Tillbehör; 1015031; 1015032;
Yxor; 1015024; 1015032;
Lösa yxskaft; 1015026; 1015032;
Industrisaxar; 1015146; 1015155;
Saxar för gängad stång; 1015143; 1015155;
Plåtsaxar; 1015145; 1015155;
Kabelsaxar; 1015147; 1015155;
Bultsaxar - Tillbehör; 1015150; 1015155;
Saxar för gängad stång - Tillbehör; 1015151; 1015155;
Kabelsaxar - Tillbehör; 1015154; 1015155;
Plåtsaxar - Tillbehör; 1015152; 1015155;
Wiresaxar; 1015148; 1015155;
Bultsaxar; 1015144; 1015155;
Wiresaxar - Tillbehör; 1015153; 1015155;
Hushållssaxar; 1015149; 1015155;
Långa hylsor; 1014881; 1014890;
Hylsverktyg; 1014886; 1014890;
Spärrhandtag - Tillbehör; 1014888; 1014890;
Förlängningsstänger; 1014880; 1014890;
Ledhandtag - Tillbehör; 1014887; 1014890;
Krafthylsor; 1014882; 1014890;
Ledhandtag; 1014883; 1014890;
Krafthylsor - Tillbehör; 1014889; 1014890;
T-handtag; 1014879; 1014890;
Spärrhandtag; 1014884; 1014890;
Långa krafthylsor; 1014885; 1014890;
Kakelsvamp - Tillbehör; 1014986; 1014991;
Murarkäppar; 1014953; 1014991;
Putsbrädor; 1014957; 1014991;
Kakelskärare - Tillbehör; 1014980; 1014991;
Kakelsågar - Tillbehör; 1014982; 1014991;
Tvättbalja; 1014961; 1014991;
Kittsprutor; 1014962; 1014991;
Kakelsågar; 1014966; 1014991;
Slevar; 1014956; 1014991;
Fogsprutor; 1014972; 1014991;
Betongblandare; 1014955; 1014991;
Putshakar; 1014952; 1014991;
Kakeldistanser; 1014969; 1014991;
Fogrensare; 1014970; 1014991;
Fasadfogborstar; 1014964; 1014991;
Stänkputsapparat - Tillbehör; 1014987; 1014991;
Tvättbalja - Tillbehör; 1014983; 1014991;
Kvastar; 1014976; 1014991;
Fogskrapor; 1014971; 1014991;
Stänkputsapparat; 1014977; 1014991;
Fogrensare - Tillbehör; 1014988; 1014991;
Fogsnören; 1014973; 1014991;
Skrapor; 1014960; 1014991;
Putsbrädor - Tillbehör; 1014979; 1014991;
Kakeltvättbrädor; 1014968; 1014991;
Kakelsvamp; 1014967; 1014991;
Kakelredskap - Tillbehör; 1014978; 1014991;
Fogbrädor - Tillbehör; 1014985; 1014991;
Skrapor - Tillbehör; 1014984; 1014991;
Trattspruta; 1014954; 1014991;
Kakelskärare; 1014965; 1014991;
Fogbrädor; 1014958; 1014991;
Murarkäppar - Tillbehör; 1014990; 1014991;
Kakelredskap; 1014963; 1014991;
Spacklar - Tillbehör; 1014989; 1014991;
Spacklar; 1014959; 1014991;
Blindmuttrar; 1015083; 1015090;
Nitpistoler - Tillbehör; 1015088; 1015090;
Nitpistoler; 1015086; 1015090;
Aluminiumnitar; 1015082; 1015090;
Popnuts; 1015085; 1015090;
Monteringsverktyg - Tillbehör; 1015089; 1015090;
Rostfria nitar; 1015084; 1015090;
Vridstift; 1015081; 1015090;
Monteringsverktyg; 1015087; 1015090;
EVA-satser - Tillbehör; 1015055; 1015061;
EVA-satser; 1015054; 1015061;
Verktygslådor; 1015046; 1015061;
Inbyggnadslådor; 1015052; 1015061;
Montörvagnar; 1015047; 1015061;
Montörvagnar - Tillbehör; 1015048; 1015061;
Arbetsbänkar; 1015056; 1015061;
Verktygspaneler; 1015058; 1015061;
Inbyggnadsmoduler; 1015051; 1015061;
Hylsnyckelsatser; 1015045; 1015061;
Inbyggnadsmoduler - Tillbehör; 1015053; 1015061;
Verktygslådor - Tillbehör; 1015060; 1015061;
Ljusramper; 1015044; 1015061;
Plastinsatser; 1015057; 1015061;
Hyllsystem; 1015050; 1015061;
Verktygsskåp; 1015059; 1015061;
Förlängare; 1015004; 1015008;
Fyrkantsbits; 1014998; 1015008;
Bitsskruvmejslar; 1015003; 1015008;
Bitssatser - Tillbehör; 1015007; 1015008;
Kryssbits; 1014995; 1015008;
Torxbits; 1014996; 1015008;
Kombiklingor; 1015005; 1015008;
Bitshållare; 1015000; 1015008;
Sexkantsbits; 1014997; 1015008;
Vinkelskruvmejslar; 1015006; 1015008;
Spårbits; 1014994; 1015008;
Bits för Torq-set spår; 1014992; 1015008;
Specialbits; 1014999; 1015008;
Bitssatser; 1015001; 1015008;
Skruvhållare; 1014993; 1015008;
Bitsspärrskruvmejslar; 1015002; 1015008;
Måttstockar; 1015329; 1015337;
Måttband - Tillbehör; 1015336; 1015337;
Vattenpass - Tillbehör; 1015334; 1015337;
Rätskivor; 1015333; 1015337;
Vattenpass; 1015331; 1015337;
Vinkelhakar; 1015332; 1015337;
Måttband; 1015330; 1015337;
Ledhylsnycklar - Tillbehör; 1014863; 1014876;
Fälgnycklar; 1014867; 1014876;
Blocknycklar; 1014865; 1014876;
Slagskruvnycklar; 1014860; 1014876;
Hjulmutternycklar; 1014846; 1014876;
U-ringnycklar; 1014853; 1014876;
Hylsnycklar; 1014857; 1014876;
Hjulmutternycklar - Tillbehör; 1014875; 1014876;
U-ringspärrnycklar; 1014856; 1014876;
Sexkantnycklar; 1014859; 1014876;
Tångnycklar; 1014849; 1014876;
Haknycklar; 1014854; 1014876;
Sexkant hylsnycklar; 1014844; 1014876;
Kloskruvnycklar; 1014870; 1014876;
Förlängningsrör; 1014840; 1014876;
Slangskruvmejslar; 1014869; 1014876;
Fyrkant hylsnycklar; 1014845; 1014876;
Pluggnycklar; 1014871; 1014876;
Ledhylsnycklar; 1014855; 1014876;
Ledkombnycklar; 1014842; 1014876;
Fasta skruvnycklar; 1014858; 1014876;
Lednycklar; 1014843; 1014876;
Ringspärrnycklar; 1014862; 1014876;
Fastighetsnycklar; 1014866; 1014876;
Slangskruvmejslar - Tillbehör; 1014872; 1014876;
Haknycklar - Tillbehör; 1014874; 1014876;
Ringspärrnycklar - Tillbehör; 1014873; 1014876;
Fatnyckel; 1014848; 1014876;
Torxnycklar; 1014852; 1014876;
Skiftnycklar; 1014861; 1014876;
Ringnycklar; 1014851; 1014876;
Hylsskruvmejslar; 1014868; 1014876;
Skiftnycklar - Tillbehör; 1014864; 1014876;
Tändstiftsnyckel; 1014847; 1014876;
Öppna ringnycklar; 1014841; 1014876;
Förvaringslådor; 1015165; 1015203;
Håltagning - Tillbehör; 1015201; 1015203;
Kapmaskiner för kapklingor; 1015167; 1015203;
Gasläcksökare; 1015177; 1015203;
Pressverktyg - Tillbehör; 1015193; 1015203;
Rörbockare; 1015181; 1015203;
Kapmaskiner för kapklingor - Tillbehör; 1015191; 1015203;
Spårmaskiner; 1015175; 1015203;
Diamantborrmaskiner - Tillbehör; 1015190; 1015203;
Inspektion; 1015185; 1015203;
Gängverktyg; 1015182; 1015203;
Gängmaskiner - Tillbehör; 1015197; 1015203;
Press- och klippmaskin; 1015183; 1015203;
Röravskärare - Tillbehör; 1015198; 1015203;
Frysmaskin - Tillbehör; 1015199; 1015203;
Röravskärare; 1015180; 1015203;
Diamantborrmaskiner; 1015169; 1015203;
Handgängmaskiner; 1015173; 1015203;
Rörskruvstycken; 1015186; 1015203;
Gängverktyg - Tillbehör; 1015200; 1015203;
Rörutdragare; 1015171; 1015203;
Pumpar; 1015176; 1015203;
Rörbockare - Tillbehör; 1015202; 1015203;
Håltagningsmaskin; 1015168; 1015203;
Rensning; 1015184; 1015203;
Håltagning; 1015188; 1015203;
Tigersågar; 1015166; 1015203;
Gängmaskiner; 1015174; 1015203;
Vakuumpump; 1015170; 1015203;
VVS satser; 1015194; 1015203;
Pumpar - Tillbehör; 1015189; 1015203;
Ledningssändare; 1015179; 1015203;
Pressverktyg; 1015192; 1015203;
Rensning - Tillbehör; 1015195; 1015203;
Pejlingsinstrument; 1015178; 1015203;
Steghållare för stegar; 1015164; 1015203;
Frysmaskiner; 1015187; 1015203;
Press- och klippmaskin - Tillbehör; 1015196; 1015203;
Gängoljor; 1015172; 1015203;
Brytbladsknivar; 1015318; 1015328;
Engångsknivar; 1015322; 1015328;
Universalknivar; 1015319; 1015328;
Säkerhetsknivar - Tillbehör; 1015326; 1015328;
Bandknivar; 1015316; 1015328;
1000 Volt-knivar; 1015323; 1015328;
Fällknivar; 1015320; 1015328;
Säkerhetsknivar; 1015321; 1015328;
Brytbladsknivar - Tillbehör; 1015325; 1015328;
Universalknivar - Tillbehör; 1015324; 1015328;
Fällknivar - Tillbehör; 1015327; 1015328;
Hantverksknivar - Slidknivar; 1015317; 1015328;
Fatpallar; 1015229; 1015239;
Smörjnipplar - Tillbehör; 1015231; 1015239;
Oljemått; 1015209; 1015239;
Kannor; 1015223; 1015239;
Fettpumpar - Tillbehör; 1015236; 1015239;
Hävstångssprutor; 1015207; 1015239;
Oljemätare; 1015212; 1015239;
Påfyllningspump; 1015208; 1015239;
Tvåhandssprutor; 1015206; 1015239;
Slangupprullare för olja och fett - Tillbehör; 1015234; 1015239;
Duschsprutor - Tillbehör; 1015228; 1015239;
Kannor - Tillbehör; 1015235; 1015239;
Separata munstycken; 1015205; 1015239;
Fettpumpar; 1015221; 1015239;
Pumpar; 1015224; 1015239;
Dunkar; 1015218; 1015239;
Pumpar - Tillbehör; 1015211; 1015239;
Enhandssprutor; 1015204; 1015239;
Elektriska dieselpumpar; 1015213; 1015239;
Kranar; 1015230; 1015239;
Oljemått - Tillbehör; 1015238; 1015239;
Duschsprutor; 1015219; 1015239;
Tankar; 1015226; 1015239;
Dunkar - Tillbehör; 1015237; 1015239;
Oljesug; 1015216; 1015239;
Hävstångssprutor - Tillbehör; 1015232; 1015239;
Smörjnipplar; 1015225; 1015239;
Fettsprutor; 1015222; 1015239;
O-ringar; 1015210; 1015239;
Slangupprullare för olja och fett; 1015214; 1015239;
Fatkranar; 1015220; 1015239;
Spilloljeuppsamlare; 1015215; 1015239;
Trattar; 1015227; 1015239;
Universaltänger; 1014920; 1014940;
Håltänger - Tillbehör; 1014933; 1014940;
Multiverktyg; 1014928; 1014940;
Spårringstänger - Tillbehör; 1014939; 1014940;
Rörtänger; 1014919; 1014940;
Nittänger - Tillbehör; 1014936; 1014940;
Pincetter; 1014930; 1014940;
Najtänger; 1014912; 1014940;
Muttertänger; 1014914; 1014940;
Avbitare; 1014911; 1014940;
Öljetter och nitar; 1014910; 1014940;
Polygriptänger; 1014918; 1014940;
Elektrikertänger - Tillbehör; 1014938; 1014940;
Plåtslagartänger; 1014925; 1014940;
Håltänger; 1014921; 1014940;
Klämringstänger - Tillbehör; 1014934; 1014940;
Nittänger; 1014929; 1014940;
Smidestänger; 1014931; 1014940;
Kabelskotänger; 1014923; 1014940;
Kombinationstänger; 1014913; 1014940;
Klämringstänger; 1014917; 1014940;
Rörtänger - Tillbehör; 1014932; 1014940;
Spårringstänger; 1014916; 1014940;
Elektroniktänger; 1014927; 1014940;
Plomberingstänger; 1014922; 1014940;
Kakeltänger; 1014924; 1014940;
Flacktänger; 1014915; 1014940;
Elektrikertänger; 1014926; 1014940;
Glasskärare; 1015062; 1015067;
Glaslyftare; 1015063; 1015067;
Glaslyftare - Tillbehör; 1015065; 1015067;
Glasskärare - Tillbehör; 1015066; 1015067;
Lödmedel för hårdlödning; 1016052; 1016080;
Lod - för hårdlödning; 1016049; 1016080;
Gasol; 1016078; 1016080;
Gasolverktyg; 1016040; 1016080;
Lödning; 1015999; 1016080;
Lödrökutsugar; 1016055; 1016080;
Flussmedel till silverlod; 1016051; 1016052;
Flussmedel; 1016047; 1016049;
Mässingslod; 1016042; 1016049;
Silverlod; 1016044; 1016049;
Fosforkopparlod; 1016043; 1016049;
Aluminiumlod; 1016045; 1016049;
Gasolflaskor - återfyllningsbara; 1016063; 1016078;
Gasol - engångs; 1016064; 1016078;
Regulatorer, Ventiler; 1095229; 1016078;
Anslutningsventil; 1016060; 1016078;
Butangas; 1016076; 1016078;
Flaskadapter; 1016059; 1016078;
Gasolutrustning; 1016067; 1016078;
Packning; 1016075; 1016078;
Gasolslang; 1016057; 1016078;
Campingkök; 1016066; 1016078;
Gasol - Tillbehör; 1016072; 1016078;
Fotstöd; 1016061; 1016078;
Reduceringsventiler, lågtryck; 1016074; 1016078;
Kopplingar, Adaptrar; 1016058; 1016078;
Packningar; 1016069; 1016078;
Gasolkök; 1016073; 1016078;
Infravärmare; 1016068; 1016078;
Lykta - Tillbehör; 1016077; 1016078;
Hetluftsbrännare för takläggning; 1016016; 1016040;
Brännarsystem Light Line; 1016032; 1016040;
Gasolverktyg - Tillbehör; 1016038; 1016040;
Blåslampa Powerjet 2535; 1016024; 1016040;
Gasbrännare; 1016031; 1016040;
Handtag med sparlågeventil; 1016013; 1016040;
Handblåslampa; 1016018; 1016040;
Brännarset; 1016006; 1016040;
Blåslampor - Tillbehör; 1016036; 1016040;
Halsrör; 1016011; 1016040;
Ogräsbrännare - Tillbehör; 1016037; 1016040;
Handblåslampa - Tillbehör; 1016039; 1016040;
Krympbrännare; 1016019; 1016040;
Brännarsystem Pro 86; 1016010; 1016040;
Kraftbrännare för isolerings- och vägarbeten; 1016005; 1016040;
Blåslampa Powerjet för gasbehållare av engångstyp; 1016025; 1016040;
Gasolbrännare för mjuklödning; 1016014; 1016040;
Brännare för färgborttagning; 1016003; 1016040;
Lödbultar; 1016008; 1016040;
Lödkolvsbrännare Promatic; 1016007; 1016040;
Ogräsbrännare; 1016034; 1016040;
Gasolbrännare för mjuklödning - Tillbehör; 1016035; 1016040;
Brännarsystem Turbojet; 1016030; 1016040;
Kraftbrännare; 1016017; 1016040;
Brännarsystem Powerjet; 1016020; 1016040;
Brännare för ventil 5438; 1016033; 1016040;
Brännarsystem Promatic; 1016002; 1016040;
Brännarsystem Handyjet; 1016029; 1016040;
Brännarsystem Pro 88; 1016015; 1016040;
Brännare för kabelarbete och värmekrympning; 1016004; 1016040;
Brännarsystem Butajet; 1099383; 1016040;
Brännare; 1016026; 1016040;
Brännarhandtag med automattändning; 1016001; 1016040;
Handtag med reglerventil; 1016012; 1016040;
Avlödningsflätor; 1015973; 1015999;
Lödfett (Flussmedel); 1015964; 1015999;
Lödset; 1015980; 1015999;
Lödapparat - Tillbehör; 1015993; 1015999;
Lödstationer; 1015985; 1015999;
Lödvatten (Flussmedel); 1015963; 1015999;
Blyfri lödtråd (med flussmedel); 1015971; 1015999;
Silvermjuklod; 1015972; 1015999;
Lödtråd (med flussmedel); 1015970; 1015999;
Lödpistoler; 1015979; 1015999;
Slangbrottsventiler; 1015989; 1015999;
Lödkolvar; 1015982; 1015999;
Brännmärkningspenna; 1015983; 1015999;
Lödkolvar - Tillbehör; 1015994; 1015999;
Lödtenn; 1015968; 1015999;
Brännmärkningspenna - Tillbehör; 1015997; 1015999;
Lödstenar; 1015965; 1015999;
Hållare för förstoringsglas Stannol; 1015991; 1015999;
Putsduk; 1015978; 1015999;
Blyfritt lödtenn; 1015969; 1015999;
Lödspetsar; 1096358; 1015999;
Lödpennor; 1015981; 1015999;
Cellplastskärare - Tillbehör; 1015996; 1015999;
Lödstationer - Tillbehör; 1015992; 1015999;
Cellplastskärare; 1015984; 1015999;
Reduceringsventiler; 1015988; 1015999;
Lödmatta; 1015977; 1015999;
Lödspetsrengörare; 1015976; 1015999;
Tennsugar; 1015974; 1015999;
Filterpaket - Tillbehör; 1016054; 1016055;
Skyltar; 792635; 522921;
Mura; 522163; 522921;
Lastsäkring; 749522; 522921;
Måleri; 521846; 522921;
Förvaring; 520581; 522921;
Fästmaterial; 1063010; 522921;
Stängsel och duk; 522337; 522921;
Tejp; 517740; 522921;
Lim; 518819; 522921;
Tekniska kemikalier; 519565; 522921;
Hjulutrustning; 1063009; 522921;
Stegar och ställningar; 518347; 522921;
Tråd; 522416; 522921;
Presenningar; 518378; 522921;
Fog; 519375; 522921;
Bygg övrigt; 522447; 522921;
Industrigummi; 522920; 522921;
Nödskyltar; 1011616; 792635;
Kemiska risker; 1011621; 792635;
Brandskyltar; 1011617; 792635;
Trafik och parkering; 1011627; 792635;
Miljödekaler; 1011626; 792635;
Bokstäver och märkning; 1011628; 792635;
Informationsskyltar; 1011622; 792635;
Kontrastmarkering; 1011625; 792635;
Förbudsskyltar; 1011619; 792635;
Taktila skyltar; 1011623; 792635;
Tillbehör och fästen; 1011586; 792635;
Påbudsskyltar; 1011620; 792635;
Varningsskyltar; 1011618; 792635;
Halkskyddsmarkering; 1011624; 792635;
Trivselskyltar; 1011585; 792635;
Utrymningsskyltar; 1011615; 792635;
Cementtillsatser; 521937; 522163;
Kilar och brickor; 522145; 522163;
Avvägningsmätverktyg; 522047; 522163;
Stolphållare; 522162; 522163;
Armeringsklossar; 522042; 522163;
Formstag och tillbehör; 522128; 522163;
Bruk; 521900; 522163;
Hinkar och baljor; 521857; 522163;
Distansrör och stöd; 522061; 522163;
Spännband; 749523; 749522;
Lastspännare; 749524; 749522;
Skyddspapp; 521478; 521846;
Rollerbyglar; 520953; 521846;
Rollerset och tråg; 521169; 521846;
Penslar; 520901; 521846;
Sprayfärg; 521549; 521846;
Övriga måleriredskap; 521395; 521846;
Rostskyddsfärg; 521821; 521846;
Golvfärg; 521845; 521846;
Märkfärg och markeringsverktyg; 521701; 521846;
Rollers; 521103; 521846;
Skrapor; 521247; 521846;
Byggfolie; 521416; 521846;
Skydds- och täckfolie; 521470; 521846;
Spacklar; 521218; 521846;
Tapetverktyg; 521301; 521846;
Backar och tillbehör; 520132; 520581;
Förvaringssystem; 520038; 520581;
Förpackningsmaterial; 520574; 520581;
Vägg- och hängsystem; 519693; 520581;
Hyllor och tillbehör; 520092; 520581;
Hatt- och skohyllor; 520172; 520581;
Redskapskrokar; 520526; 520581;
Förvaringslådor; 520541; 520581;
Well-lådor; 520580; 520581;
Grindar; 522251; 522337;
Stolpar och tillbehör; 522303; 522337;
Vilt- och djurstängsel; 522336; 522337;
Nät; 522244; 522337;
Trädgårdsstängsel; 522316; 522337;
Metallduk; 522225; 522337;
Insektsnät; 522202; 522337;
Industri- och byggstängsel; 522295; 522337;
Tejphållare; 517445; 517740;
Dubbelhäftande tejp; 516761; 517740;
Gängtätningstejp; 516865; 517740;
Vävtejp; 517739; 517740;
Korrosionsskyddstejp; 516937; 517740;
Halkskydd; 516897; 517740;
Aluminiumtejp; 516572; 517740;
Varningstejp; 517611; 517740;
Tätningslister; 517568; 517740;
Plasttejp; 517397; 517740;
Vulktejp; 517636; 517740;
Eltejp; 516840; 517740;
Packtejp; 517262; 517740;
Maskeringstejp; 517108; 517740;
Kardborrband; 516907; 517740;
Kontorstejp; 516931; 517740;
Epoxylim; 518429; 518819;
Limpistoler - Tillbehör; 1089064; 518819;
Speciallim; 518683; 518819;
Vägg- och golvlim; 518818; 518819;
Monteringslim; 518587; 518819;
Spraylim; 518712; 518819;
Kontaktlim; 518480; 518819;
Universallim; 518796; 518819;
Trälim; 518761; 518819;
Snabblim; 518644; 518819;
Asfaltprodukter; 519396; 519565;
Lösningsmedel; 519520; 519565;
Övriga tekniska kemikalier; 519564; 519565;
Träskyddsprodukter; 519529; 519565;
Tätningsringar; 1063208; 1063009;
Hjulservice; 1063207; 1063009;
Bromsdelar; 1063209; 1063009;
Skydd; 1063210; 1063009;
Bryggstegar; 517828; 518347;
Tillbehör och reservdelar; 518191; 518347;
Trästegar; 518262; 518347;
Ställningar; 517958; 518347;
Vindstrappor och -stegar; 518281; 518347;
Utrymningsstegar; 518274; 518347;
Bockar och pallar; 517823; 518347;
Trappstegar; 518257; 518347;
Teleskop- och kombistegar; 518024; 518347;
Vägg- och takstegar; 518346; 518347;
Enkel- och utskjutsstegar; 517883; 518347;
Najtråd; 522385; 522416;
Järn-, mässing- och koppartråd; 522372; 522416;
Pianotråd; 522389; 522416;
Ståltråd; 522415; 522416;
Silverstål; 522393; 522416;
Fjäderstål; 522356; 522416;
Lättviktspresenningar; 518366; 518378;
Tillbehör presenningar; 518377; 518378;
PVC-presenningar; 518375; 518378;
Armerade presenningar; 518352; 518378;
Brandfogmassor; 518874; 519375;
Foglister, primer och tillbehör; 518908; 519375;
MS-polymerfogmassor; 519062; 519375;
Kitt; 519028; 519375;
Patronpistoler; 519098; 519375;
Polyuretanfogmassor; 519159; 519375;
Akrylfogmassor; 518840; 519375;
Spackel; 519325; 519375;
Övriga fogmassor; 519374; 519375;
Fogskum; 518960; 519375;
Silikonfog; 519196; 519375;
Plastiska fogmassor; 519112; 519375;
Asbestsanering; 522446; 522447;
Byggtillbehör; 522434; 522447;
Tryckluftsslangar; 522492; 522920;
Tillbehör och reservdelar snabbkopplingar; 522788; 522920;
Ventilationsslangar; 522548; 522920;
Slangkopplingar mässing; 522827; 522920;
Dämpare och gummiduk; 522919; 522920;
Livsmedelsslangar; 522514; 522920;
Svetsslangar; 522527; 522920;
Snabbkopplingar metall 3/4"-serien; 522771; 522920;
Slangklämmor; 522642; 522920;
Klokopplingar; 522849; 522920;
Olje- och bensinslangar; 522505; 522920;
Snabbkopplingar metall 1/2"-serien; 522731; 522920;
Brandskydd; 507597; 507598;
Batterier; 507458; 507598;
Fick- och pannlampor; 506380; 507598;
Armaturer; 507304; 507598;
Arbetsbelysning; 503990; 507598;
Installationsel; 505605; 507598;
Byggel; 504502; 507598;
Ljuskällor; 507099; 507598;
Brandvarnare; 507580; 507597;
Brandfiltar; 507592; 507597;
Brandsläckare; 507547; 507597;
Räddningsstegar; 507596; 507597;
Specialbatterier; 507455; 507458;
Litiumbatterier; 507413; 507458;
Laddningsbara batterier och laddare; 507404; 507458;
Knappcellsbatterier; 507442; 507458;
Alkaliska batterier; 507360; 507458;
Ficklampstillbehör och reservdelar; 506138; 506380;
Ficklampor; 506075; 506380;
Pannlampstillbehör och reservdelar; 506379; 506380;
Pannlampor; 506348; 506380;
Utomhusarmaturer; 507303; 507304;
Inomhusarmaturer; 507202; 507304;
Handlampor; 503989; 503990;
Byggbelysning; 503928; 503990;
Säkringar; 505426; 505605;
Fästmaterial och kanaler; 505399; 505605;
Elinstallationsmaterial; 504870; 505605;
Stickproppar och skarvuttag; 505132; 505605;
Strömbrytare och vägguttag; 504830; 505605;
Sladd och kabel; 505057; 505605;
Armaturtillbehör; 505224; 505605;
Dosor, rör och flexrör; 505547; 505605;
Testinstrument; 505582; 505605;
Elradiatorer; 505604; 505605;
Timer och jordfelsbrytare; 505452; 505605;
Kabelvindor; 504081; 504502;
Fläktar; 504501; 504502;
Grenuttag; 504241; 504502;
Byggcentraler; 504136; 504502;
Don och övergångar; 504370; 504502;
Skarvsladd och kabel; 504464; 504502;
Lampförvaring; 1085230; 507099;
LED-lampor; 506885; 507099;
Glödlampor; 507069; 507099;
Lysrör; 507019; 507099;
Halogenlampor; 506578; 507099;
Lågenergilampor; 506724; 507099;
Speciallampor; 507098; 507099;
Xenonlampor; 1084877; 507099;
Kompaktlysrör; 506933; 507099;
Magnetarmband; 1016321; 1016349;
Luftkudde för fönsterbyte; 1016310; 1016349;
Plattlyft; 1016333; 1016349;
Blandarmaskiner - Tillbehör; 1016348; 1016349;
Sågbockar; 1016328; 1016349;
Armeringsstålsaxar; 1016337; 1016349;
Arbetsställ; 1016338; 1016349;
Armeringsstålböjare; 1016336; 1016349;
Kantfräs - Tillbehör; 1016347; 1016349;
Verktygsväskor; 1016325; 1016349;
Gipshandverktyg; 1016319; 1016349;
Fog- och tvättmaskin - Tillbehör; 1016345; 1016349;
Spikskor; 1016332; 1016349;
Fallsäkringslinor; 1016322; 1016349;
Blandarmaskiner; 1016329; 1016349;
Hänglås; 1016326; 1016349;
Betongbrynen; 1016331; 1016349;
Bagagestroppar; 1016327; 1016349;
Golvsilar; 1016334; 1016349;
Ryggsäckar; 1016324; 1016349;
Tegel- och Betongklipp; 1016340; 1016349;
Snickarbälten; 1016320; 1016349;
Maskinvispar; 1016330; 1016349;
Armeringsstålböjare - Tillbehör; 1016344; 1016349;
Penslar; 1016339; 1016349;
Kakel- och stenkapmaskiner; 1016335; 1016349;
Fixertång; 1016312; 1016319;
Kantskärare; 1016317; 1016319;
Bits med försänkare; 1016311; 1016319;
Cirkelskärare; 1016318; 1016319;
Fashyvlar; 1016314; 1016319;
Bärhandtag; 1016313; 1016319;
