Verkstadsmät; 1093979; 1015961;
Vägning; 1015899; 1015961;
Klimat & Miljö; 1015960; 1015961;
Övrig mätutrustning; 1015813; 1015961;
,VVS installationsmaterial; 531257; 532054;
Pumpar; 530299; 532054;
Ventilation; 530159; 532054;
Badrum; 532053; 532054;
,Skyddsdräkter; 1085018; 1085006;
Tröjor; 1085019; 1085006;
Knäskydd; 1085013; 1085006;
Hörselskydd; 1085011; 1085006;
Byxor; 1085008; 1085006;
Handskar; 1085009; 1085006;
T-shirts; 1085020; 1085006;
Shorts; 1085016; 1085006;
Hudvård; 1085010; 1085006;
Andningsskydd; 1085007; 1085006;
Overaller; 1085015; 1085006;
Skor; 1085017; 1085006;
Mössor; 1085014; 1085006;
Accessoarer; 1085101; 1085006;
Jackor; 1085012; 1085006;
Strumpor; 1085189; 1085006;
Ögonskydd; 1085022; 1085006;
Skyddsvästar; 1085021; 1085006;
,Redskap; 528467; 529092;
Flaggor; 529091; 529092;
Beskärning; 528693; 529092;
Bevattning; 527632; 529092;
Postlådor; 527862; 529092;
Övrigt trädgård; 529001; 529092;
Bekämpning; 528910; 529092;
,Luftbehandling; 1087535; 1015514;
Tryckluftsslangar; 1015492; 1015514;
Kompressorer; 1015422; 1015514;
Tryckluftsverktyg; 1015450; 1015514;
Pneumatikkomponenter; 1015496; 1015514;
Hydraulik; 1087548; 1015514;
Tryckluftsarmaturer; 1087587; 1015514;
Kopplingar och nipplar; 1015510; 1015514;
Luftbehandling - Tillbehör; 1015411; 1015514;
Tryckluftsmaskiner; 1015483; 1015514;
Bläster; 1087533; 1015514;
Balansblock; 1015454; 1015514;
,Torkdukar; 1085190; 527150;
Livsmedel; 526564; 527150;
Högtryckstvättar; 523809; 527150;
Husgeråd; 526696; 527150;
Rengöringsmedel; 525262; 527150;
Avfallskärl och sopsäckar; 526209; 527150;
Engångsmaterial; 526273; 527150;
Städredskap; 525982; 527150;
Kontor; 527149; 527150;
Hushållsapparater; 526369; 527150;
Torkpapper; 523421; 527150;
Städmaskiner; 524443; 527150;
,Dörrar och fönster; 512456; 516523;
Tillbehör kätting, wire, rep & linor; 1099608; 516523;
Köks- och fastighetsbeslag; 514520; 516523;
Absorberingsgranulater; 1085005; 516523;
Absorberingsdukar; 1085004; 516523;
Hänglås; 516202; 516523;
Rep och linor; 516522; 516523;
Kätting och wire; 1047845; 516523;
Badrumsbeslag; 515389; 516523;
,Magneter, tvingar och skruvstycken; 1015753; 1015773;
Chuckar, dubbar och spännverktyg; 1015742; 1015773;
Maskinskruvstycken, fräsbord och snabbspännare; 1015771; 1015773;
,Hyvelstål; 1016295; 1016309;
Sågblad; 1016261; 1016309;
Multiverktyg; 1016248; 1016309;
Gängverktyg; 1016238; 1016309;
Borr; 1016217; 1016309;
Mejselverktyg; 1016239; 1016309;
Fräsverktyg; 1016294; 1016309;
Brotschar; 1016302; 1016309;
Svarvverktyg; 1016308; 1016309;
,Induktionsvärmare; 1015513; 1016438;
Glykolprovare; 1016437; 1016438;
Batteripåfyllare; 1016435; 1016438;
Tillbehör till kabelvindor och sladdvindor; 1091658; 1016438;
Startkablar; 1016436; 1016438;
Kabelvindor - Sladdvindor; 1016432; 1016438;
Batteriladdare; 1016431; 1016438;
Starthjälp; 1016433; 1016438;
Strömbrytare; 1016434; 1016438;
Elverk; 1016430; 1016438;
,Övriga verktyg och tillbehör; 1086288; 1086276;
Chassi; 1086278; 1086276;
Motorverktyg; 1086289; 1086276;
Motor; 1086286; 1086276;
El-verktyg; 1086279; 1086276;
Verktyg packbox och lagerbanor; 1086290; 1086276;
Kylarsystem; 1086285; 1086276;
Motorstyrning; 1086287; 1086276;
El; 1086280; 1086276;
Kaross; 1086282; 1086276;
Elsystem; 1086281; 1086276;
Karosseri; 1086284; 1086276;
,Momenttjänster - service - utbildning; 1015350; 1015400;
Monteringsverktyg; 1015377; 1015400;
Momentskruvmejslar; 1015360; 1015400;
Momentnycklar; 1015359; 1015400;
Momentskruvmejslar - Tillbehör; 1015397; 1015400;
Specialmomentskruvmejsel; 1015396; 1015400;
Högmomentdragare; 1015374; 1015400;
Monteringsverktyg - Tillbehör; 1015399; 1015400;
Momentmätutrustning; 1015380; 1015400;
,Kapande metallmaskiner; 1015535; 1015686;
Metallsvarvar; 1015539; 1015686;
Plåtbearbetande metallmaskiner; 1015564; 1015686;
Industrihydraulik; 1015672; 1015686;
Trämaskiner; 1015608; 1015686;
Elektriska handmaskiner; 1015653; 1015686;
Stoftavskiljare; 1015517; 1015686;
Borrande och fräsande metallmaskiner; 1015530; 1015686;
Oljedimfilter - Tillbehör; 1015685; 1015686;
Oljedimfilter; 1015516; 1015686;
Batterihandmaskiner; 1015680; 1015686;
Kylvätskesystem; 1015684; 1015686;
Maskindelar; 1015626; 1015686;
Polermaskiner; 1015519; 1015686;
Slipande metallmaskiner; 1015578; 1015686;
,Gasbågsvetsmaskiner - Tillbehör; 1016528; 1016529;
TIG-svetsmaskiner - Tillbehör; 1016524; 1016529;
Plasmaskärare - Tillbehör; 1016526; 1016529;
Svetslikriktare - Tillbehör; 1016527; 1016529;
Svetsrökfilter; 1016506; 1016529;
Punktsvetselektroder med koniskt fäste; 1016491; 1016529;
Svetsutrustning; 1016485; 1016529;
Sugplatta; 1016505; 1016529;
Svetselektroder; 1016521; 1016529;
Svetstransformator; 1016486; 1016529;
Svetstråd och Rörtråd; 1016494; 1016529;
Tillsatsmaterial; 1016503; 1016529;
Svetslikriktare; 1016487; 1016529;
Gassvetstråd; 1016504; 1016529;
Gasbågsvetsmaskiner halvautomater - Tillbehör; 1016525; 1016529;
Svetsrökfilter - Tillbehör; 1016522; 1016529;
Utsugningsaggregat; 1016520; 1016529;
Gasbågsvetsmaskiner halvautomater; 1016488; 1016529;
Solidtråd för hårdsvetsning; 1016493; 1016529;
,Kataloger; 1016350; 1016429;
Butiksinredning; 1016425; 1016429;
Teng Collection; 1016392; 1016429;
,Filskaft; 1016083; 1016169;
Skavstål; 1016082; 1016169;
Gradverktyg; 1016081; 1016169;
Borstar; 1016093; 1016169;
Rondeller; 1016168; 1016169;
Slipverktyg; 1016153; 1016169;
Kapverktyg; 1016097; 1016169;
,Smörjmedel; 1014741; 1014838;
Rostskyddsmedel; 1014767; 1014838;
Korrosionsmedel; 1014766; 1014838;
Rengöringsmedel; 1014765; 1014838;
Övrig kem.; 1014782; 1014838;
Lim; 1014837; 1014838;
,Handsågar; 1015315; 1015344;
Skruvutdragare och avdragare; 1014906; 1015344;
Handfilar; 1015013; 1015344;
Skruvmejslar; 1015163; 1015344;
Elektrikerverktyg och elektroniktänger; 1015120; 1015344;
Slagverktyg; 1015141; 1015344;
Bräckjärn; 1015295; 1015344;
Märkverktyg; 1015080; 1015344;
Häftverktyg; 1015042; 1015344;
Rikt, hugg och driv; 1015017; 1015344;
Verktygssäkring; 1015111; 1015344;
Serviceverktyg; 1015290; 1015344;
Tvingar; 1014951; 1015344;
Limpistoler och varmluftsapparater; 1015342; 1015344;
Träskärverktyg; 1015032; 1015344;
Saxar; 1015155; 1015344;
Verktygssatser; 1015043; 1015344;
Hylsor och hylsverktyg; 1014890; 1015344;
Murarverktyg; 1014991; 1015344;
Nitpistoler, nit och skruv; 1015090; 1015344;
Transportvagn; 1015343; 1015344;
Verktygsförvaring; 1015061; 1015344;
Bits; 1015008; 1015344;
Hantverksmät; 1015337; 1015344;
Nycklar; 1014876; 1015344;
VVS-verktyg; 1015203; 1015344;
Knivar; 1015328; 1015344;
Smörjverktyg; 1015239; 1015344;
Tänger; 1014940; 1015344;
Glasverktyg; 1015067; 1015344;
,Lödmedel för hårdlödning; 1016052; 1016080;
Lod - för hårdlödning; 1016049; 1016080;
Gasol; 1016078; 1016080;
Gasolverktyg; 1016040; 1016080;
Lödning; 1015999; 1016080;
Lödrökutsugar; 1016055; 1016080;
,Skyltar; 792635; 522921;
Mura; 522163; 522921;
Lastsäkring; 749522; 522921;
Måleri; 521846; 522921;
Förvaring; 520581; 522921;
Fästmaterial; 1063010; 522921;
Stängsel och duk; 522337; 522921;
Tejp; 517740; 522921;
Lim; 518819; 522921;
Tekniska kemikalier; 519565; 522921;
Hjulutrustning; 1063009; 522921;
Stegar och ställningar; 518347; 522921;
Tråd; 522416; 522921;
Presenningar; 518378; 522921;
Fog; 519375; 522921;
Bygg övrigt; 522447; 522921;
Industrigummi; 522920; 522921;
,Brandskydd; 507597; 507598;
Batterier; 507458; 507598;
Fick- och pannlampor; 506380; 507598;
Armaturer; 507304; 507598;
Arbetsbelysning; 503990; 507598;
Installationsel; 505605; 507598;
Byggel; 504502; 507598;
Ljuskällor; 507099; 507598;
,Magnetarmband; 1016321; 1016349;
Luftkudde för fönsterbyte; 1016310; 1016349;
Plattlyft; 1016333; 1016349;
Blandarmaskiner - Tillbehör; 1016348; 1016349;
Sågbockar; 1016328; 1016349;
Armeringsstålsaxar; 1016337; 1016349;
Arbetsställ; 1016338; 1016349;
Armeringsstålböjare; 1016336; 1016349;
Kantfräs - Tillbehör; 1016347; 1016349;
Verktygsväskor; 1016325; 1016349;
Gipshandverktyg; 1016319; 1016349;
Fog- och tvättmaskin - Tillbehör; 1016345; 1016349;
Spikskor; 1016332; 1016349;
Fallsäkringslinor; 1016322; 1016349;
Blandarmaskiner; 1016329; 1016349;
Hänglås; 1016326; 1016349;
Betongbrynen; 1016331; 1016349;
Bagagestroppar; 1016327; 1016349;
Golvsilar; 1016334; 1016349;
Ryggsäckar; 1016324; 1016349;
Tegel- och Betongklipp; 1016340; 1016349;
Snickarbälten; 1016320; 1016349;
Maskinvispar; 1016330; 1016349;
Armeringsstålböjare - Tillbehör; 1016344; 1016349;
Penslar; 1016339; 1016349;
Kakel- och stenkapmaskiner; 1016335; 1016349;
